X,Y,DOIT,PROVINCIA,LINEA,COMUNE,KM_PL,TIPOLOGIA,LAT,LON,VIA,TIPO_ACCOR,AVANZAMENT,LINK,Codice_SFM,icon_url
12.0421204438779,45.2990320405766,IV,(PD),59IV_ADRIA-MESTRE,PIOVE DI SACCO,PL 0+460,,45.2989860323269,12.0425517886632,via Barchette,,,,,./0.png
12.0421268761768,45.2992765430834,IV,(PD),59IV_ADRIA-MESTRE,PIOVE DI SACCO,PL 0+487,,45.2992697716815,12.0423035974133,via Provinciale,,,,,./0.png
12.0430997293699,45.302536155172,IV,(PD),59IV_ADRIA-MESTRE,PIOVE DI SACCO,PLp 0+860,,45.3025703364298,12.0432184176910,,,,,,./0.png
12.0538083082494,45.3186533483911,IV,(VE),59IV_ADRIA-MESTRE,CAMPOLONGO MAGGIORE,PL 2+857,,45.3186397539481,12.0540920370043,via Righe,,,,,./0.png
12.0557449126776,45.3205791652568,IV,(VE),59IV_ADRIA-MESTRE,CAMPOLONGO MAGGIORE,PL 3+119,,45.3204736714955,12.0560889607974,via Giare,,,,,./0.png
12.0588826010992,45.3231011253139,IV,(VE),59IV_ADRIA-MESTRE,CAMPOLONGO MAGGIORE,PL 3+494,,45.3230718547158,12.0590644832837,via M.te Ortone,,,,,./0.png
12.0655605590077,45.3269093825277,IV,(VE),59IV_ADRIA-MESTRE,CAMPOLONGO MAGGIORE,PL 4+167,,45.3268829690802,12.0656433325799,Argine DX,,,,,./0.png
12.0669281953595,45.3276877532455,IV,(VE),59IV_ADRIA-MESTRE,CAMPOLONGO MAGGIORE,PL 4+304,,45.3276091771953,12.0669831507906,Argine SX,,,,,./0.png
12.0748582505456,45.3322124420487,IV,(VE),59IV_ADRIA-MESTRE,CAMPOLONGO MAGGIORE,PL 5+103,,45.3321383076482,12.0748803852152,via Boligo,,,,,./0.png
12.0808152267937,45.3368630384182,IV,(VE),59IV_ADRIA-MESTRE,CAMPOLONGO MAGGIORE,PL 5+809,,45.3368118456914,12.0810012654534,via Villa,,,,,./0.png
12.0863924283369,45.3464629451836,IV,(VE),59IV_ADRIA-MESTRE,CAMPAGNA LUPIA,PL 6+961,,45.3462913609688,12.0869308106144,via Isonzo,,,,,./0.png
12.0827465295839,45.340165942818,IV,(VE),59IV_ADRIA-MESTRE,CAMPOLONGO MAGGIORE,PLp 6+204,,45.3401355586336,12.0827910836860,,,,,,./0.png
12.0894511701524,45.3517158100588,IV,(VE),59IV_ADRIA-MESTRE,CAMPAGNA LUPIA,PLp 7+592,,45.3516830954999,12.0895380672516,,,,,,./0.png
12.0912926517486,45.3568764185041,IV,(VE),59IV_ADRIA-MESTRE,CAMPAGNA LUPIA,PL 8+187,,45.3566095441678,12.0914840328573,via Piave,,,,,./0.png
12.0936923574086,45.3687029461933,IV,(VE),59IV_ADRIA-MESTRE,CAMPONOGARA,PL 9+514,,45.3686274397445,12.0940131835573,via Gramsci,,,,,./0.png
12.0944186587047,45.3722877038043,IV,(VE),59IV_ADRIA-MESTRE,CAMPONOGARA,PL 9+916,,45.3721479885558,12.0947256686206,via Togliatti,,,,,./0.png
12.095691877533,45.3785578920031,IV,(VE),59IV_ADRIA-MESTRE,CAMPONOGARA,PL 10+621,,45.3785202631024,12.0961298691975,via delle Prete,,,,,./0.png
12.0970046766314,45.3849921835384,IV,(VE),59IV_ADRIA-MESTRE,CAMPONOGARA,PL 11+342,,45.3849766475931,12.0971996081213,via Calcroce,,,,,./0.png
12.0982580271328,45.3883588618731,IV,(VE),59IV_ADRIA-MESTRE,CAMPONOGARA,PL 11+732,,45.3883860361058,12.0983638919119,via Cavour,,,,,./0.png
12.1036560534921,45.3939011343332,IV,(VE),59IV_ADRIA-MESTRE,CAMPONOGARA,PL 12+480,,45.3939447077439,12.1038113807876,via Casino Rosso,,,,,./0.png
12.100351775422,45.3905122740472,IV,(VE),59IV_ADRIA-MESTRE,CAMPONOGARA,PLp 12+023,,45.3904590966213,12.1005847675348,,,,,,./0.png
12.110248305252,45.4006746041893,IV,(VE),59IV_ADRIA-MESTRE,DOLO,PLp 13+393,,45.4006541045240,12.1107194883479,,,,,,./0.png
12.123545762564,45.4143073427859,IV,(VE),59IV_ADRIA-MESTRE,DOLO,Plp 15+227,,45.4143124173439,12.1239473116122,,,,,,./0.png
12.1255556694946,45.4163717391672,IV,(VE),59IV_ADRIA-MESTRE,DOLO,PL 15+497,,45.4162946031549,12.1259378540727,via Stradona,,,,,./0.png
12.1287238230107,45.4191203508615,IV,(VE),59IV_ADRIA-MESTRE,MIRA,PL 15+901,,45.4190094692681,12.1289184088684,via Brentelle,,,,,./0.png
12.1412877845528,45.4285931342383,IV,(VE),59IV_ADRIA-MESTRE,MIRA,PL 17+342,,45.4285858282807,12.1413624345435,via Chiesa Gambarare,,,,,./0.png
12.1452217920737,45.4307179747215,IV,(VE),59IV_ADRIA-MESTRE,MIRA,PLp 17+729,catene,45.4307135485908,12.1451921761073,,,,,,./0.png
12.1533505913317,45.4373547080875,IV,(VE),59IV_ADRIA-MESTRE,MIRA,PLp 18+737,catene,45.4372204317761,12.1529990047035,,,,,,./0.png
12.1677858959714,45.452792852976,IV,(VE),59IV_ADRIA-MESTRE,MIRA,PL 20+899,,45.4527373810304,12.1678401532313,via Monte Tinisa,,,,,./0.png
12.1699198845065,45.4538732516902,IV,(VE),59IV_ADRIA-MESTRE,MIRA,PL 21+106,,45.4539098063658,12.1702699289513,via Verona,,,,,./0.png
12.1735189597698,45.4556962263575,IV,(VE),59IV_ADRIA-MESTRE,MIRA,PL 21+453,,45.4556474734490,12.1736210658261,via Risato Bellini,,,,,./0.png
12.1788703867631,45.4619200046975,IV,(VE),59IV_ADRIA-MESTRE,MIRA,PL 22+285,,45.4619347222299,12.1788445524159,via Ca Rubaldi,,,,,./0.png
12.1840291043827,45.4745415863682,IV,(VE),59IV_ADRIA-MESTRE,VENEZIA,PL 23+745,,45.4745781338437,12.1842927649935,via delle Fontane,,,,,./0.png
12.041796208033,45.2918642307488,IV,(PD),59IV_ADRIA-MESTRE,PIOVE DI SACCO,PL 0+336,,45.2918204970744,12.0417648680743,deposito Piove di Sacco,,,,,./0.png
12.0417744468409,45.2897839375458,IV,(PD),59IV_ADRIA-MESTRE,PIOVE DI SACCO,PL 0+578,,45.2897758828367,12.0418298266839,via Perosi,,,,,./0.png
12.0410572988787,45.2853713079258,IV,(PD),59IV_ADRIA-MESTRE,PIOVE DI SACCO,PL 1+068,,45.2853365836820,12.0411891506148,via Breo,,,,,./0.png
12.0408440992526,45.2830460570255,IV,(PD),59IV_ADRIA-MESTRE,PIOVE DI SACCO,PL 1+328,,45.2828046768667,12.0411809552894,via S.G. Bosco,,,,,./0.png
12.0405767859035,45.2761771593671,IV,(PD),59IV_ADRIA-MESTRE,ARZERGRANDE,PL 2+096,,45.2761270375690,12.0406476112645,via Umberto I,,,,,./0.png
12.0363983516932,45.2702089232544,IV,(PD),59IV_ADRIA-MESTRE,ARZERGRANDE,PL 2+836,,45.2701403423317,12.0365089980223,via Vigna,,,,,./0.png
12.0304988699043,45.2580929448276,IV,(PD),59IV_ADRIA-MESTRE,PIOVE DI SACCO,PL 4+267,,45.2579281088770,12.0307606009863,via M.te Adamello,,,,,./0.png
12.0265082724415,45.2482080241046,IV,(PD),59IV_ADRIA-MESTRE,PONTELONGO,PL 5+406,,45.2481346279902,12.0268241109792,via S. Valentino,,,,,./0.png
12.0280227925634,45.2425184432019,IV,(PD),59IV_ADRIA-MESTRE,PONTELONGO,PL 6+078,,45.2425127319240,12.0280325261774,VIA NIEVO 1,,,,,./0.png
12.0296118724457,45.2406392228337,IV,(PD),59IV_ADRIA-MESTRE,PONTELONGO,PL 6+322,,45.2405062008612,12.0297286181372,via D.Alighieri,,,,,./0.png
12.0358314784214,45.2346549516662,IV,(PD),59IV_ADRIA-MESTRE,CORREZZOLA,PL 7+154,,45.2345499370933,12.0361734280963,via Frassine,,,,,./0.png
12.0407555086712,45.2334756913459,IV,(PD),59IV_ADRIA-MESTRE,CORREZZOLA,PLp 7+574,CATENE,45.2335470152762,12.0408706907028,,,,,,./0.png
12.0525652132827,45.2252611730846,IV,(PD),59IV_ADRIA-MESTRE,CORREZZOLA,PL 9+185,,45.2253064685811,12.0528271750052,via Pelosa,,,,,./0.png
12.0433646890351,45.2332178017106,IV,(PD),59IV_ADRIA-MESTRE,CORREZZOLA,PLp 7+782,,45.2330977663102,12.0438210834289,,,,,,./0.png
12.0504695338935,45.2151437443682,IV,(PD),59IV_ADRIA-MESTRE,CORREZZOLA,PL 10+316,,45.2151129165291,12.0505892243409,SP 104 via S. Francesco,,,,,./0.png
12.0493927374571,45.1982571157958,IV,(PD),59IV_ADRIA-MESTRE,CORREZZOLA,PL 12+235,,45.1982951828545,12.0496232876124,via Bosco,,,,,./0.png
12.0497454051473,45.1977816099658,IV,(VE),59IV_ADRIA-MESTRE,CONA,PL 12+239,,45.1978054655130,12.0498627306300,SP 7 via Stazione,,,,,./0.png
12.0562278112582,45.1889449041812,IV,(VE),59IV_ADRIA-MESTRE,CONA,PLp 13+395,,45.1890039998435,12.0564876921013,,,,,,./0.png
12.0674162746317,45.1737026031182,IV,(VE),59IV_ADRIA-MESTRE,CONA,PLp 15+540,,45.1737225006851,12.0675418602606,,,,,,./0.png
12.0879753016447,45.1427228554462,IV,(VE),59IV_ADRIA-MESTRE,CAVARZERE,PL 19+112,,45.1428132005831,12.0885292847419,via Gorzone,,,,,./0.png
12.0786168044594,45.1584272890614,IV,(VE),59IV_ADRIA-MESTRE,CAVARZERE,PLp 17+214,,45.1584119073100,12.0789225084502,,,,,,./0.png
12.0896867721635,45.1388391792891,IV,(VE),59IV_ADRIA-MESTRE,CAVARZERE,PL 19+544,,45.1388444986177,12.0901788930501,via Argine SX,,,,,./0.png
12.0903810126625,45.1378772200475,IV,(VE),59IV_ADRIA-MESTRE,CAVARZERE,PL 19+685,,45.1378572288941,12.0904821894772,Argine DX,,,,,./0.png
12.0920065709302,45.127927726159,IV,(VE),59IV_ADRIA-MESTRE,CAVARZERE,PLp 20+813,,45.1278601356272,12.0921082598009,,,,,,./0.png
12.0914448504854,45.1223628444834,IV,(VE),59IV_ADRIA-MESTRE,CAVARZERE,PL 21+437,,45.1224705745898,12.0917399877163,via Ca Piasenti,,,,,./0.png
12.0915715259255,45.1226943509536,IV,(VE),59IV_ADRIA-MESTRE,CAVARZERE,PLp 21+398,,45.1227205638988,12.0919344197451,loc. Madonne,,,,,./0.png
12.0918507996374,45.1234621323243,IV,(VE),59IV_ADRIA-MESTRE,CAVARZERE,PL 21+320,,45.1233852588690,12.0922167509560,loc. Curiolo,,,,,./0.png
12.0888302965363,45.1154058136863,IV,(VE),59IV_ADRIA-MESTRE,CAVARZERE,PL 22+239,,45.1154292629619,12.0889671223210,via Baggiolina,,,,,./0.png
12.0873737084523,45.1114961630565,IV,(VE),59IV_ADRIA-MESTRE,CAVARZERE,PLp 22+684,SBARRE,45.1114938161869,12.0877063245704,,,,,,./0.png
12.0859605533413,45.1077127727517,IV,(VE),59IV_ADRIA-MESTRE,CAVARZERE,PL 23+121,,45.1075288032340,12.0861267895661,argine SX Botta,,,,,./0.png
12.085841592603,45.1073990051523,IV,(VE),59IV_ADRIA-MESTRE,CAVARZERE,PL 23+144,,45.1075288032489,12.0861267895661,argine DX via Croce,,,,,./0.png
12.0805633013082,45.0933070558518,IV,(VE),59IV_ADRIA-MESTRE,CAVARZERE,PLp 24+794,,45.0936924017537,12.0819424998091,PLp 24+794,,,,,./0.png
11.97639742,45.05494284,VE,(RO),58_ROVIGO-CHIOGGIA,ADRIA,18+282,Barriere complete,45.0549428400000,11.9763974200000,Via Ramostorto 43,,,,,./0.png
11.99385312,45.06043451,VE,(RO),58_ROVIGO-CHIOGGIA,ADRIA,19+781,Barriere complete,45.0604345100000,11.9938531200000,Via Luigi Einaudi,,,,,./0.png
12.01282972,45.06120232,VE,(RO),58_ROVIGO-CHIOGGIA,ADRIA,21+296,Barriere complete,45.0612023200000,12.0128297199999,Localita scolo branco,ACC_2018,,Adria,,./1.png
12.01354983,45.0611853,VE,(RO),58_ROVIGO-CHIOGGIA,ADRIA,21+358,Barriere complete,45.0611852999999,12.0135498300000,Via Don luigi Sturzo,,,,,./0.png
12.02364228,45.06103327,VE,(RO),58_ROVIGO-CHIOGGIA,ADRIA,22+146,Cancello/Catena con lucchetto/Altro,45.0610332700000,12.0236422800000,,,,,,./0.png
12.04850244,45.06064867,VE,(RO),58_ROVIGO-CHIOGGIA,ADRIA,24+103,Barriere complete,45.0606486699999,12.0485024400000,Via Peschiera 41,,,,,./0.png
12.05736189,45.06054564,VE,(RO),58_ROVIGO-CHIOGGIA,ADRIA,24+796,Barriere complete,45.0605456400000,12.0573618899999,Via ragazzi del 99,,,,,./0.png
12.07318786,45.05986505,VE,(RO),58_ROVIGO-CHIOGGIA,ADRIA,26+05,Barriere complete,45.0598650499999,12.0731878600000,Localita Amolara,,,,,./0.png
12.09930142,45.05610058,VE,(RO),58_ROVIGO-CHIOGGIA,ADRIA,28+146,Cancello/Catena con lucchetto/Altro,45.0561005799999,12.0993014200000,,,,,,./0.png
12.10188432,45.05570497,VE,(RO),58_ROVIGO-CHIOGGIA,ADRIA,28+353,Cancello/Catena con lucchetto/Altro,45.0557049700000,12.1018843200000,,,,,,./0.png
12.1102700452194,45.0546708837078,VE,(RO),58_ROVIGO-CHIOGGIA,ADRIA,28+662,Cancello/Catena con lucchetto/Altro,45.0598772900000,12.0732090900000,Strada Privata ?,,,,,./0.png
12.11500809,45.05418531,VE,(RO),58_ROVIGO-CHIOGGIA,ADRIA,29+4,Cancello/Catena con lucchetto/Altro,45.0541853100000,12.1150080900000,,,,,,./0.png
12.12624913,45.05306051,VE,(RO),58_ROVIGO-CHIOGGIA,ADRIA,30+296,Barriere complete,45.0530605100000,12.1262491300000,Localita Forcarigoli,,,,,./0.png
12.13793051,45.05188905,VE,(RO),58_ROVIGO-CHIOGGIA,ADRIA,31+223,Cancello/Catena con lucchetto/Altro,45.0518890500000,12.1379305100000,,,,,,./0.png
12.63993954,45.77795859,VE,(BL),57_TREVISO-PORTOGRUARO,MOTTA DI LIVENZA,37+263,Barriere complete,45.7779585899999,12.6399395400000,Via Giovanni XXIII,,,,,./0.png
12.66893479,45.77490888,VE,(VE),57_TREVISO-PORTOGRUARO,ANNONE VENETO,39+585,Barriere complete,45.7749088799999,12.6689347900000,Via Lorenzaga,,,,,./0.png
12.6998,45.774717,VE,(VE),57_TREVISO-PORTOGRUARO,ANNONE VENETO,41+991,Barriere complete,45.7747170000000,12.6998000000000,Via Polvaro,,,,,./0.png
12.7257403,45.73826841,VE,(VE),52_VENEZIA MESTRE-TRIESTE,ANNONE VENETO,49+801,Barriere complete,45.7382684100000,12.7257403000000,Via Paludi,ACC_2017,,,,./2.png
11.43339504,45.10745366,VR,(RO),48_ISOLA DELLA SCALA-ROVIGO,BADIA POLESINE,68+048,Barriere complete,45.1074536599999,11.4333950400000,Via Rialto,ACC_2017,,,,./2.png
11.44093346,45.10661496,VR,(RO),48_ISOLA DELLA SCALA-ROVIGO,BADIA POLESINE,68+647,Barriere complete,45.1066149600000,11.4409334600000,Via Chieregato,ACC_2017,,,,./2.png
11.45850469,45.10464728,VR,(RO),48_ISOLA DELLA SCALA-ROVIGO,BADIA POLESINE,70+044,Cancello/Catena con lucchetto/Altro,45.1046472800000,11.4585046900000,,ACC_2017,,,,./2.png
11.46552687,45.10386618,VR,(RO),48_ISOLA DELLA SCALA-ROVIGO,BADIA POLESINE,70+605,Barriere complete,45.1038661799999,11.4655268700000,Malopera Nord,,,,,./0.png
11.48236436,45.09863838,VR,(RO),48_ISOLA DELLA SCALA-ROVIGO,BADIA POLESINE,72+135,Barriere complete,45.0986383799999,11.4823643600000,Via Coatelle,,,,,./0.png
11.48628651,45.09192082,VR,(RO),48_ISOLA DELLA SCALA-ROVIGO,BADIA POLESINE,72+943,Barriere complete,45.0919208199999,11.4862865099999,Via Cappuccini,,,,,./0.png
11.49745444,45.07761877,VR,(RO),48_ISOLA DELLA SCALA-ROVIGO,BADIA POLESINE,74+792,Barriere complete,45.0776187700000,11.4974544400000,Via Masetti bassi,ACC_2018,PD,Badia Polesine,,./1.png
11.50592908,45.07628707,VR,(RO),48_ISOLA DELLA SCALA-ROVIGO,BADIA POLESINE,75+482,Barriere complete,45.0762870699999,11.5059290800000,Via dei Partigiani,,,,,./0.png
11.51367219,45.07640373,VR,(RO),48_ISOLA DELLA SCALA-ROVIGO,BADIA POLESINE,76+09,Barriere complete,45.0764037300000,11.5136721899999,Via Cavallo,ACC_2018,PD,Badia Polesine,,./1.png
11.74974703,45.75278358,VE,(VI),55_BASSANO-PADOVA,BASSANO DEL GRAPPA,1+695,Barriere complete,45.7527835799999,11.7497470300000,Via T. Speri,,,,,./0.png
11.74292904,45.77949574,VE,(VI),56_MESTRE-TRENTO,BASSANO DEL GRAPPA,52+729,Barriere complete,45.7794957400000,11.7429290400000,Va Cunizza da Romano,,,,,./0.png
12.15577695,46.10753906,VE,(BL),54_PADOVA-CALALZO,BELLUNO,79+168,Cancello/Catena con lucchetto/Altro,46.1075390600000,12.1557769500000,,,,,,./0.png
12.20023969,46.13592406,VE,(BL),54_PADOVA-CALALZO,BELLUNO,84+124,Barriere complete,46.1359240600000,12.2002396900000,Via Gervasio,,,,,./0.png
12.21290584,46.14508646,VE,(BL),54_PADOVA-CALALZO,BELLUNO,85+558,Barriere complete,46.1450864600000,12.2129058399999,Via Gaspare Diziani,,,,,./0.png
12.23459101,46.16329641,VE,(BL),54_PADOVA-CALALZO,BELLUNO,88+521,Barriere complete,46.1632964100000,12.2345910100000,Via Francesco Tomea,ACC_2018,PFTE,Belluno,,./1.png
12.23782394,46.1649961,VE,(BL),54_PADOVA-CALALZO,BELLUNO,88+836,Barriere complete,46.1649961000000,12.2378239400000,Via Francesco del Vesco,,,,,./0.png
12.24341197,46.16871692,VE,(BL),54_PADOVA-CALALZO,BELLUNO,89+426,Barriere complete,46.1687169200000,12.2434119700000,Via Fiammoi,ACC_2018,USCITO_ACC_2018,,,./1.png
12.23070275,46.1616065,VE,(BL),54_PADOVA-CALALZO,BELLUNO,89+688,Barriere complete,46.1616064999999,12.2307027500000,Via Safforze,,,,,./0.png
12.25484276,46.17367295,VE,(BL),54_PADOVA-CALALZO,BELLUNO,90+584,Barriere complete,46.1736729499999,12.2548427600000,Via Safforze,,,,,./0.png
11.37687972,45.2234423,VR,(VR),48_CODOGNO-MANTOVA-MONSELICE,BEVILACQUA,142+453,Barriere complete,45.2234423000000,11.3768797200000,Via Nuvola,,,,,./0.png
11.38746662,45.22787139,VR,(VR),48_CODOGNO-MANTOVA-MONSELICE,BEVILACQUA,143+429,Barriere complete,45.2278713899999,11.3874666200000,Via Santa Lucia,,,,,./0.png
11.40023667,45.23008414,VR,(VR),48_CODOGNO-MANTOVA-MONSELICE,BEVILACQUA,144+497,Barriere complete,45.2300841400000,11.4002366700000,Via Caseggiato,,,,,./0.png
11.61176181,45.57923136,VE,(VI),55_VICENZA-TREVISO,BOLZANO VICENTINO,7+588,Barriere complete,45.5792313600000,11.6117618100000,Via Albereria,,,,,./0.png
11.35247699,45.21319752,VR,(VR),48_CODOGNO-MANTOVA-MONSELICE,BOSCHI SANT'ANNA,140+236,Barriere complete,45.2131975200000,11.3524769900000,Via Belfiore,,,,,./0.png
11.06764204,45.26328902,VR,(VR),48_ISOLA DELLA SCALA-ROVIGO,BOVOLONE,32+249,Barriere complete,45.2632890200000,11.0676420400000,SP24,ACC_2017,,,,./2.png
11.11445739,45.25382379,VR,(VR),48_ISOLA DELLA SCALA-ROVIGO,BOVOLONE,36+077,Barriere complete,45.2538237899999,11.1144573900000,Via Crosare,ACC_2017,,,,./2.png
11.12675545,45.25465416,VR,(VR),48_ISOLA DELLA SCALA-ROVIGO,BOVOLONE,37+046,Barriere complete,45.2546541600000,11.1267554499999,S.P. 2,,,,,./0.png
11.159919,45.23869432,VR,(VR),48_ISOLA DELLA SCALA-ROVIGO,BOVOLONE,40+233,Cancello/Catena con lucchetto/Altro,45.2386943200000,11.1599190000000,,,,,,./0.png
11.90042722,45.50463658,VE,(PD),55_BASSANO-PADOVA,CAMPODARSEGO,36+583,Barriere complete,45.5046365800000,11.9004272199999,Via dei Toni,,,,,./0.png
12.29660527,45.67272211,VE,(TV),57_TREVISO-PORTOGRUARO,CARBONERA,4+513,Barriere complete,45.6727221100000,12.2966052700000,Via Bianchini,,,,,./0.png
11.75921,45.74125,VE,(VI),55_BASSANO-PADOVA,CASSOLA,3+173,Barriere complete,45.7412500000000,11.7592099999999,Via Croceron,,,,,./0.png
11.79618935,45.73212377,VE,(VI),56_MESTRE-TRENTO,CASSOLA,45+369,Barriere complete,45.7321237700000,11.7961893500000,Via Roma,probabile ACC_2017?,,2.09 non fattibile,,./0.png
11.78908722,45.73595672,VE,(VI),56_MESTRE-TRENTO,CASSOLA,46+067,Barriere complete,45.7359567199999,11.7890872200000,Via Grande,ACC_2017,PFTE,56_MESTRE-TRENTO\PL\2.10_Cassola_46+067_Via Grande,,./2.png
11.77386518,45.7450105,VE,(VI),56_MESTRE-TRENTO,CASSOLA,47+617,Barriere complete,45.7450104999999,11.7738651800000,Via Don Luigi Bressan,ACC_2017,,,,./2.png
11.76505022,45.75038319,VE,(VI),56_MESTRE-TRENTO,CASSOLA,48+544,Barriere complete,45.7503831900000,11.7650502199999,Via Monte asolon,ACC_2017,,,,./2.png
11.40015882,45.1221879,VR,(VR),48_ISOLA DELLA SCALA-ROVIGO,CASTAGNARO,64+857,Barriere complete,45.1221879000000,11.4001588200000,Via Borgonovo,ACC_2017,,,,./2.png
11.40241307,45.12051073,VR,(VR),48_ISOLA DELLA SCALA-ROVIGO,CASTAGNARO,65+116,Barriere complete,45.1205107299999,11.4024130700000,Via Ragona,ACC_2017,,,,./2.png
11.40722396,45.11693112,VR,(VR),48_ISOLA DELLA SCALA-ROVIGO,CASTAGNARO,65+665,Barriere complete,45.1169311199999,11.4072239600000,Via Basse,,,,,./0.png
11.41001597,45.11487456,VR,(VR),48_ISOLA DELLA SCALA-ROVIGO,CASTAGNARO,65+982,Barriere complete,45.1148745599999,11.4100159700000,Via Bongenti,ACC_2018,PD,Castagnaro,,./1.png
11.41400644,45.11231267,VR,(VR),48_ISOLA DELLA SCALA-ROVIGO,CASTAGNARO,66+406,Barriere complete,45.1123126700000,11.4140064400000,Via Cimitero,,,,,./0.png
11.9795229,45.6968354,VE,(TV),54_PADOVA-CALALZO,CASTELFRANCO,17+146,Cancello/Catena con lucchetto/Altro,45.6968353999999,11.9795228999999,,,,,,./0.png
11.953813,45.673451,VE,(TV),54_PADOVA-CALALZO,CASTELFRANCO VENETO,13+87,Barriere complete,45.6734510000000,11.9538130000000,via Pagnana,,,,,./0.png
11.948455,45.660304,VE,(TV),56_MESTRE-TRENTO,CASTELFRANCO VENETO,30+517,Barriere complete,45.6603039999999,11.9484549999999,via De Amicis,ACC_2017,PE,56_MESTRE-TRENTO\PL\6.36_Castelfranco_30+517_via_DeAmicis,,./2.png
11.90207622,45.66243586,VE,(TV),55_VICENZA-TREVISO,CASTELFRANCO VENETO,32+994,Barriere complete,45.6624358600000,11.9020762200000,via Larga,,,,,./0.png
11.917203,45.666609,VE,(TV),56_MESTRE-TRENTO,CASTELFRANCO VENETO,33+479,Barriere complete,45.6666090000000,11.9172030000000,Via Piave,ACC_2017,PFTE,56_MESTRE-TRENTO\PL\2.01_Castelfranco_33+479-33+786,,./2.png
11.914045,45.668307,VE,(TV),56_MESTRE-TRENTO,CASTELFRANCO VENETO,33+786,Barriere complete,45.6683069999999,11.9140450000000,Via Brenta,ACC_2017,PFTE,56_MESTRE-TRENTO\PL\2.01_Castelfranco_33+479-33+786,,./2.png
11.915596,45.66452,VE,(TV),55_VICENZA-TREVISO,CASTELFRANCO VENETO,34+073,Barriere complete,45.6645200000000,11.9155960000000,Via Castellana,,,,,./0.png
11.89993883,45.67596343,VE,(TV),56_MESTRE-TRENTO,CASTELFRANCO VENETO,35+186,Barriere complete,45.6759634300000,11.8999388300000,Via Pagnana,ACC_2017,PFTE,56_MESTRE-TRENTO\PL\2.02_Castelfranco_35+186_via_Pagnana,,./2.png
11.89198465,45.68028271,VE,(TV),56_MESTRE-TRENTO,CASTELLO DI GODEGO,35+971,Barriere complete,45.6802827100000,11.8919846499999,Via S. Giustina,ACC_2018,PFTE APPROFONDIMENTI NECES,56_MESTRE-TRENTO\PL\2.03_CastelloGodego_35+971-37+474,,./1.png
11.87656375,45.68862975,VE,(TV),56_MESTRE-TRENTO,CASTELLO DI GODEGO,37+474,Barriere complete,45.6886297499999,11.8765637500000,Via Grande,ACC_2017,PFTE,56_MESTRE-TRENTO\PL\2.03_CastelloGodego_35+971-37+474,,./2.png
11.86935013,45.69254048,VE,(TV),56_MESTRE-TRENTO,CASTELLO DI GODEGO,38+184,Barriere complete,45.6925404799999,11.8693501300000,Via Alberon,ACC_2017,PFTE,56_MESTRE-TRENTO\PL\2.04_castelloGodego_38+184,,./2.png
11.86453936,45.69516656,VE,(TV),56_MESTRE-TRENTO,CASTELLO DI GODEGO,38+657,Barriere complete,45.6951665599999,11.8645393600000,Via Chioggia,ACC_2017,PD,56_MESTRE-TRENTO\PL\2.05_KM_38+657_SR245 via Chioggia,,./2.png
11.8552785,45.7001671,VE,(TV),56_MESTRE-TRENTO,CASTELLO DI GODEGO,39+570,Barriere complete,45.7001671000000,11.8552785000000,Via Ca' Leoncino,ACC_2017,,,,./2.png
12.63728579,45.69066129,VE,(VE),52_VENEZIA MESTRE-TRIESTE,CEGGIA,41+073,Barriere complete,45.6906612900000,12.6372857900000,Via Vittoria,,,,,./0.png
12.64002548,45.69255513,VE,(VE),52_VENEZIA MESTRE-TRIESTE,CEGGIA,41+35,Barriere complete,45.6925551300000,12.6400254800000,Via Giuglielmo Marconi,,,,,./0.png
12.64497653,45.69597157,VE,(VE),52_VENEZIA MESTRE-TRIESTE,CEGGIA,41+890,Barriere complete,45.6959715699999,12.6449765299999,Via Donegal,,,52_VENEZIA MESTRE-TRIESTE\PL\3.09a_Ceggia_41+890_viaDonegal,,./0.png
11.17553457,45.19212,VR,(VR),48_CODOGNO-MANTOVA-MONSELICE,CEREA,124+479,Barriere complete,45.1921200000000,11.1755345700000,Via favaletto (2024?),,,,,./0.png
11.20553693,45.20143449,VR,(VR),48_CODOGNO-MANTOVA-MONSELICE,CEREA,127+056,Barriere complete,45.2014344899999,11.2055369299999,SP2 Legnaghese,,,,,./0.png
11.21751582,45.19255498,VR,(VR),48_ISOLA DELLA SCALA-ROVIGO,CEREA,128+538,Barriere complete,45.1925549799999,11.2175158199999,Viale dei caduti,,,,,./0.png
11.27750918,45.19116329,VR,(VR),48_ISOLA DELLA SCALA-ROVIGO,LEGNAGO,133+297,Barriere complete,45.1911632899999,11.2775091799999,Via Albero,ACC_2017,,,,./2.png
11.18655655,45.22117934,VR,(VR),48_ISOLA DELLA SCALA-ROVIGO,CEREA,43+103,Barriere complete,45.2211793399999,11.1865565500000,Via Isolella bassa,ACC_2017,PE,48_ISOLA DELLA SCALA-ROVIGO\PL\Cerea_km_43+103-43+494-44+620 via Isolella\Elaborati_PE_RFI,,./2.png
11.1997077,45.21118869,VR,(VR),48_ISOLA DELLA SCALA-ROVIGO,CEREA,44+620,Barriere complete,45.2111886900000,11.1997076999999,Vicolo san zeno,ACC_2017,PE,48_ISOLA DELLA SCALA-ROVIGO\PL\Cerea_km_43+103-43+494-44+620 via Isolella\Elaborati_PE_RFI,,./2.png
11.20553761,45.20676316,VR,(VR),48_ISOLA DELLA SCALA-ROVIGO,CEREA,45+290,Barriere complete,45.2067631600000,11.2055376100000,Via Campi di su,,,,,./0.png
11.88203827,45.04872953,VE,(RO),58_ROVIGO-CHIOGGIA,CEREGNANO,10+463,Cancello/Catena con lucchetto/Altro,45.0487295300000,11.8820382700000,,,,,,./0.png
11.90879849,45.04419224,VE,(RO),58_ROVIGO-CHIOGGIA,CEREGNANO,12+617,Barriere complete,45.0441922400000,11.9087984900000,Via San Francesco,,,,,./0.png
11.91773858,45.04267945,VE,(RO),58_ROVIGO-CHIOGGIA,CEREGNANO,13+342,Cancello/Catena con lucchetto/Altro,45.0426794500000,11.9177385800000,,,,,,./0.png
11.92605366,45.04405193,VE,(RO),58_ROVIGO-CHIOGGIA,CEREGNANO,14+033,Cancello/Catena con lucchetto/Altro,45.0440519300000,11.9260536599999,,,,,,./0.png
11.93010223,45.04545182,VE,(RO),58_ROVIGO-CHIOGGIA,CEREGNANO,14+388,Barriere complete,45.0454518199999,11.9301022299999,Via G. Rossini,,,,,./0.png
11.93377345,45.04671535,VE,(RO),58_ROVIGO-CHIOGGIA,CEREGNANO,14+709,Cancello/Catena con lucchetto/Altro,45.0467153499999,11.9337734500000,,,,,,./0.png
11.94116168,45.04927147,VE,(RO),58_ROVIGO-CHIOGGIA,CEREGNANO,15+356,Cancello/Catena con lucchetto/Altro,45.0492714700000,11.9411616800000,,,,,,./0.png
11.95034595,45.05231463,VE,(RO),58_ROVIGO-CHIOGGIA,CEREGNANO,16+154,Cancello/Catena con lucchetto/Altro,45.0523146299999,11.9503459500000,,,,,,./0.png
11.96976097,45.0528534,VE,(RO),58_ROVIGO-CHIOGGIA,CEREGNANO,17+708,Cancello/Catena con lucchetto/Altro,45.0528533999999,11.9697609699999,,,,,,./0.png
11.86946443,45.05087226,VE,(RO),58_ROVIGO-CHIOGGIA,CEREGNANO,9+435,Barriere complete,45.0508722599999,11.8694644300000,Via C. Battisti,,,,,./0.png
12.25000831,45.11015252,VE,(VE),58_ROVIGO-CHIOGGIA,CHIOGGIA,44+089,Barriere complete,45.1101525200000,12.2500083100000,Via Lungo Adige,,,,,./0.png
12.2483788,45.11283519,VE,(VE),58_ROVIGO-CHIOGGIA,CHIOGGIA,44+415,Barriere complete,45.1128351899999,12.2483787999999,Via Del Bosco,ACC_2018,,Chioggia,,./1.png
12.25930913,45.13107983,VE,(VE),58_ROVIGO-CHIOGGIA,CHIOGGIA,46+669,Barriere complete,45.1310798299999,12.2593091300000,Via Canal di Valle,,,,,./0.png
12.26355911,45.13921529,VE,(VE),58_ROVIGO-CHIOGGIA,CHIOGGIA,47+63,Barriere complete,45.1392152900000,12.2635591099999,Via Vecchia Romea,,,,,./0.png
12.26702091,45.14582542,VE,(VE),58_ROVIGO-CHIOGGIA,CHIOGGIA,48+409,Barriere complete,45.1458254200000,12.2670209099999,Via Bruno Maderna,,,,,./0.png
12.27134231,45.15503289,VE,(VE),58_ROVIGO-CHIOGGIA,CHIOGGIA,49+493,Barriere complete,45.1550328900000,12.2713423100000,Via Vecchia Romea,ACC_2018,USCITO_ACC_2018,Chioggia,,./1.png
12.27171984,45.15781639,VE,(VE),58_ROVIGO-CHIOGGIA,CHIOGGIA,49+804,Barriere complete,45.1578163900000,12.2717198399999,Vicolo dei Fiori,,,,,./0.png
12.27555586,45.17508627,VE,(VE),58_ROVIGO-CHIOGGIA,CHIOGGIA,51+746,Barriere complete,45.1750862700000,12.2755558600000,Via Vecchia Romea,,,,,./0.png
12.27645783,45.17862356,VE,(VE),58_ROVIGO-CHIOGGIA,CHIOGGIA,52+149,Barriere complete,45.1786235599999,12.2764578300000,Via canal di Valle,,,,,./0.png
12.2747107,45.20031318,VE,(VE),58_ROVIGO-CHIOGGIA,CHIOGGIA,54+684,Barriere complete,45.2003131800000,12.2747107000000,Via Bruno Buozzi,ACC_2018,USCITO_ACC_2018,Chioggia,,./1.png
12.27506847,45.20674259,VE,(VE),58_ROVIGO-CHIOGGIA,CHIOGGIA,55+397,Barriere complete,45.2067425899999,12.2750684700000,Via Filippo Turati,,,,,./0.png
11.69640884,45.96658171,VE,(VI),56_MESTRE-TRENTO,VALBRENTA,80+366,Barriere complete,45.9665817100000,11.6964088400000,via Lazzaretto,,,,,./0.png
11.6865234511475,45.9719178240899,VE,(VI),56_MESTRE-TRENTO,VALBRENTA,81+338,Barriere complete,45.9719648000000,11.6867152999999,Via Ori,,,,,./0.png
11.79228,45.67578,VE,(PD),55_BASSANO-PADOVA,CITTADELLA,10+974,Barriere complete,45.6757800000000,11.7922800000000,Via della salute,,,,,./0.png
11.79449278,45.66824182,VE,(PD),55_BASSANO-PADOVA,CITTADELLA,11+832,Barriere complete,45.6682418199999,11.7944927800000,Via Postumia di Levante,,,,,./0.png
11.79088832,45.64979516,VE,(PD),55_BASSANO-PADOVA,CITTADELLA,13+957,Barriere complete,45.6497951599999,11.7908883200000,Via Borgo treviso,,,,,./0.png
11.7894216697442,45.6370733268765,VE,(PD),55_BASSANO-PADOVA,CITTADELLA,15+381,Barriere complete,45.6384699999999,11.7876200000000,Via Bellinghiera,,,,,./0.png
11.80060571,45.62987354,VE,(PD),55_BASSANO-PADOVA,CITTADELLA,16+599,Barriere complete,45.6298735399999,11.8006057099999,Via case Bianche,,,,,./0.png
11.78767227,45.63841321,VE,(PD),55_VICENZA-TREVISO,CITTADELLA,23+033,Barriere complete,45.6384132100000,11.7876722700000,Via Borgo Padova,,,,,./0.png
12.32022,45.91804,VE,(TV),54_CONEGLIANO- PONTE NELLE ALPI,CONEGLIANO,5+246,Barriere complete,45.9180399999999,12.3202200000000,via SS Trinita,,,,,./0.png
12.31954105,45.92862695,VE,(TV),54_CONEGLIANO- PONTE NELLE ALPI,CONEGLIANO,6+421,Barriere complete,45.9286269500000,12.3195410500000,calle dell'Ebreo,,,,,./0.png
12.31940658,45.93250751,VE,(TV),54_CONEGLIANO- PONTE NELLE ALPI,CONEGLIANO,6+852,Barriere complete,45.9325075100000,12.3194065800000,via Pastin Santin,,,,,./0.png
12.31664608,45.93996468,VE,(TV),54_CONEGLIANO- PONTE NELLE ALPI,CONEGLIANO,7+713,Barriere complete,45.9399646800000,12.3166460800000,,,,,,./0.png
12.01342623,45.83244502,VE,(TV),54_PADOVA-CALALZO,CORNUDA,27+164,Barriere complete,45.8324450200000,12.0134262300000,via S. Urbano,,,,,./0.png
11.6829906,45.04218849,VR,(RO),48_ISOLA DELLA SCALA-ROVIGO,COSTA DI ROVIGO,92+059,Barriere complete,45.0421884900000,11.6829906000000,Via Gognano,,,,,./0.png
11.69031018,45.04413085,VR,(RO),48_ISOLA DELLA SCALA-ROVIGO,COSTA DI ROVIGO,92+672,Barriere complete,45.0441308500000,11.6903101800000,Via Gabuolo,,,,,./0.png
11.69380955,45.0450657,VR,(RO),48_ISOLA DELLA SCALA-ROVIGO,COSTA DI ROVIGO,92+966,Barriere complete,45.0450657000000,11.6938095499999,Via G. Matteotti,,,,,./0.png
11.70267727,45.0474098,VR,(RO),48_ISOLA DELLA SCALA-ROVIGO,COSTA DI ROVIGO,93+712,Barriere complete,45.0474097999999,11.7026772700000,Via Dossei,ACC_2018,PFTE,Costa di Rovigo,,./1.png
11.70591382,45.04825972,VR,(RO),48_ISOLA DELLA SCALA-ROVIGO,COSTA DI ROVIGO,93+982,Barriere complete,45.0482597199999,11.7059138199999,Via Badaloni,,,,,./0.png
11.71141843,45.04971586,VR,(RO),48_ISOLA DELLA SCALA-ROVIGO,COSTA DI ROVIGO,94+444,Barriere complete,45.0497158599999,11.7114184300000,Via Basse Pioppe,ACC_2018,PFTE,Costa di Rovigo,,./1.png
12.02394275,45.81717355,VE,(TV),54_PADOVA-CALALZO,CROCETTA DEL MONTELLO,25+273,Barriere complete,45.8171735500000,12.0239427500000,Via Brentellona,,,,,./0.png
12.01942941,45.82332814,VE,(TV),54_PADOVA-CALALZO,CROCETTA DEL MONTELLO,26+044,Barriere complete,45.8233281400000,12.0194294100000,Via Sant'Andrea,,,,,./0.png
12.01626479,45.82765401,VE,(TV),54_PADOVA-CALALZO,CROCETTA DEL MONTELLO,26+588,Barriere complete,45.8276540100000,12.0162647899999,Via Caodevilla,,,,,./0.png
11.56096168,45.62144915,VR,(VI),47_VICENZA-SCHIO,DUEVILLE,10+791,Barriere complete,45.6214491499999,11.5609616800000,Via Palladio,ACC_2018,DPP,Dueville,,./1.png
11.5570281,45.6249861,VR,(VI),47_VICENZA-SCHIO,DUEVILLE,11+29,Cancello/Catena con lucchetto/Altro,45.6249861000000,11.5570281000000,,,,,,./0.png
11.55134984,45.63012445,VR,(VI),47_VICENZA-SCHIO,DUEVILLE,12+01,Barriere complete,45.6301244499999,11.5513498400000,Via Marconi,,,,,./0.png
11.54726401,45.63384845,VR,(VI),47_VICENZA-SCHIO,DUEVILLE,12+53,Barriere complete,45.6338484500000,11.5472640099999,Via Roma,,,,,./0.png
11.53964324,45.64185315,VR,(VI),47_VICENZA-SCHIO,DUEVILLE,13+601,Barriere complete,45.6418531500000,11.5396432400000,Via monte Pasubio,,,,,./0.png
11.63546229,45.22135666,VR,(PD),48_CODOGNO-MANTOVA-MONSELICE,ESTE,163+034,Barriere complete,45.2213566599999,11.6354622900000,Via Riva di Fiume,ACC_2018,USCITO_ACC_2018,Este,,./1.png
11.64287907,45.22157828,VR,(PD),48_CODOGNO-MANTOVA-MONSELICE,ESTE,163+616,Cancello/Catena con lucchetto/Altro,45.2215782800000,11.6428790699999,,,,,,./0.png
11.64650778,45.22168108,VR,(PD),48_CODOGNO-MANTOVA-MONSELICE,ESTE,163+902,Barriere complete,45.2216810800000,11.6465077800000,Via Morlungo,,,,,./0.png
11.6610091,45.2212161,VR,(PD),48_CODOGNO-MANTOVA-MONSELICE,ESTE,165+047,Barriere complete,45.2212160999999,11.6610090999999,Via Corradini,ACC_2018,USCITO_ACC_2018,Este,,./1.png
11.67353705,45.21947482,VR,(PD),48_CODOGNO-MANTOVA-MONSELICE,ESTE,166+051,Barriere complete,45.2194748200000,11.6735370500000,Via Zuccherificio,,,,,./0.png
11.95359046,45.98524227,VE,(BL),54_PADOVA-CALALZO,FELTRE,48+648,Cancello/Catena con lucchetto/Altro,45.9852422700000,11.9535904599999,,,,,,./0.png
11.95067772,45.98254957,VE,(BL),54_PADOVA-CALALZO,FELTRE,49+03,Cancello/Catena con lucchetto/Altro,45.9825495700000,11.9506777200000,,,,,,./0.png
11.94291951,45.97859499,VE,(BL),54_PADOVA-CALALZO,FELTRE,49+783,Cancello/Catena con lucchetto/Altro,45.9785949899999,11.9429195099999,,,,,,./0.png
11.91481894,46.01373237,VE,(BL),54_PADOVA-CALALZO,FELTRE,54+843,Barriere complete,46.0137323700000,11.9148189400000,via Trevigiana,,,,,./0.png
11.95944654,46.0221633,VE,(BL),54_PADOVA-CALALZO,FELTRE,57+582,Cancello/Catena con lucchetto/Altro,46.0221633000000,11.9594465400000,,,,,,./0.png
11.95008434,46.01819384,VE,(BL),54_PADOVA-CALALZO,FELTRE,58+47,Cancello/Catena con lucchetto/Altro,46.0181938400000,11.9500843400000,,,,,,./0.png
11.94588956,46.01479226,VE,(BL),54_PADOVA-CALALZO,FELTRE,58+959,Cancello/Catena con lucchetto/Altro,46.0147922600000,11.9458895599999,,,,,,./0.png
11.7552264,45.63539719,VE,(PD),55_VICENZA-TREVISO,FONTANIVA,20+459,Barriere complete,45.6353971899999,11.7552264000000,Via Dante,,,,,./0.png
11.64414931,45.03817187,VR,(RO),48_ISOLA DELLA SCALA-ROVIGO,FRATTA POLESINE,88+901,Barriere complete,45.0381718699999,11.6441493100000,Via Stazione,ACC_2018,DPP APPROFONDIMENTI,Fratta Polesine,,./1.png
11.64464195,45.03802264,VR,(RO),48_ISOLA DELLA SCALA-ROVIGO,FRATTA POLESINE,88+947,Barriere complete,45.0380226400000,11.6446419500000,Via Argine Scortico,,,,,./0.png
11.66574045,45.03783401,VR,(RO),48_ISOLA DELLA SCALA-ROVIGO,FRATTA POLESINE,90+61,Barriere complete,45.0378340099999,11.6657404499999,Via Campagnavecchia,ACC_2018,APPROFONDIMENTI,Fratta Polesine,,./1.png
12.38726694,45.91313732,VE,(TV),57_ VENEZIA MESTRE-UDINE,GODEGA S.URBANO,55+421,Barriere complete,45.9131373199999,12.3872669400000,via S. Urbano,,,,,./0.png
11.02035572,45.26261283,VR,(VR),48_ISOLA DELLA SCALA-ROVIGO,ISOLA DELLA SCALA,28+213,Barriere complete,45.2626128300000,11.0203557200000,Via Toccolo,ACC_2018,,Isola della Scala,,./1.png
11.02656985,45.26526166,VR,(VR),48_ISOLA DELLA SCALA-ROVIGO,ISOLA DELLA SCALA,28+79,Barriere complete,45.2652616600000,11.0265698500000,Via Selesetto,,,,,./0.png
11.03232515,45.26845248,VR,(VR),48_ISOLA DELLA SCALA-ROVIGO,ISOLA DELLA SCALA,29+364,Barriere complete,45.2684524800000,11.0323251500000,Via Rosario,ACC_2018,,Isola della Scala,,./1.png
11.04358568,45.26822576,VR,(VR),48_ISOLA DELLA SCALA-ROVIGO,ISOLA DELLA SCALA,30+29,Cancello/Catena con lucchetto/Altro,45.2682257600000,11.0435856800000,,,,,,./0.png
11.05910729,45.26512674,VR,(VR),48_ISOLA DELLA SCALA-ROVIGO,ISOLA DELLA SCALA,31+55,Barriere complete,45.2651267399999,11.0591072900000,Via Zanon,ACC_2017,,,,./2.png
11.24279313,45.19341254,VR,(VR),48_ISOLA DELLA SCALA-ROVIGO,CEREA,130+556,Barriere complete,45.1934125399999,11.2427931300000,via Paganina Bassa,ACC_2018,USCITO_ACC_2018,Cerea,,./1.png
11.32939974,45.19913697,VR,(VR),48_CODOGNO-MANTOVA-MONSELICE,LEGNAGO,137+831,Barriere complete,45.1991369699999,11.3293997399999,Via Savinaro,ACC_2017,,,,./2.png
11.33490404,45.20292225,VR,(VR),48_CODOGNO-MANTOVA-MONSELICE,LEGNAGO,138+447,Barriere complete,45.2029222500000,11.3349040400000,Via Spin,ACC_2017,,,,./2.png
11.34116607,45.2072704,VR,(VR),48_CODOGNO-MANTOVA-MONSELICE,LEGNAGO,139+126,Barriere complete,45.2072703999999,11.3411660700000,Via Scaranella,ACC_2017,,,,./2.png
11.31482013,45.18142607,VR,(VR),48_ISOLA DELLA SCALA-ROVIGO,LEGNAGO,55+373,Barriere complete,45.1814260700000,11.3148201299999,Viale don minzoni,ACC_2017,,,,./2.png
11.31607855,45.17876764,VR,(VR),48_ISOLA DELLA SCALA-ROVIGO,LEGNAGO,55+683,Barriere complete,45.1787676399999,11.3160785500000,via Pila,ACC_2017,,,,./2.png
11.32079832,45.17314409,VR,(VR),48_ISOLA DELLA SCALA-ROVIGO,LEGNAGO,56+419,Barriere complete,45.1731440900000,11.3207983200000,Via Belfiore,ACC_2017,,,,./2.png
11.32435698,45.1705114,VR,(VR),48_ISOLA DELLA SCALA-ROVIGO,LEGNAGO,56+823,Cancello/Catena con lucchetto/Altro,45.1705114000000,11.3243569799999,,ACC_2017,,,,./2.png
11.3280138,45.16780801,VR,(VR),48_ISOLA DELLA SCALA-ROVIGO,LEGNAGO,57+236,Cancello/Catena con lucchetto/Altro,45.1678080100000,11.3280138000000,,ACC_2017,,,,./2.png
11.33405,45.16335,VR,(VR),48_ISOLA DELLA SCALA-ROVIGO,LEGNAGO,57+924,Barriere complete,45.1633500000000,11.3340500000000,Via Rodigna sud,ACC_2017,,,,./2.png
11.52983449,45.07659984,VR,(VR),48_ISOLA DELLA SCALA-ROVIGO,LENDINARA,77+365,Barriere complete,45.0765998400000,11.5298344900000,via Frasche,ACC_2018,PFTE,Lendinara,,./1.png
11.53378126,45.07662944,VR,(RO),48_ISOLA DELLA SCALA-ROVIGO,LENDINARA,77+674,Barriere complete,45.0766294399999,11.5337812600000,via Frasche,,,,,./0.png
11.54053756,45.07669343,VR,(RO),48_ISOLA DELLA SCALA-ROVIGO,LENDINARA,78+201,Barriere complete,45.0766934299999,11.5405375600000,via Sabbioni Bassi,ACC_2018,PFTE,Lendinara,,./1.png
11.55111385,45.07681898,VR,(RO),48_ISOLA DELLA SCALA-ROVIGO,LENDINARA,79+041,Cancello/Catena con lucchetto/Altro,45.0768189799999,11.5511138500000,,,,,,./0.png
11.55873085,45.07691919,VR,(RO),48_ISOLA DELLA SCALA-ROVIGO,LENDINARA,79+638,Barriere complete,45.0769191899999,11.5587308500000,via Dozza,,,,,./0.png
11.56605989,45.07849521,VR,(RO),48_ISOLA DELLA SCALA-ROVIGO,LENDINARA,80+249,Barriere complete,45.0784952100000,11.5660598900000,Via Ronchi,ACC_2018,PFTE,Lendinara,,./1.png
11.57802776,45.08198651,VR,(RO),48_ISOLA DELLA SCALA-ROVIGO,LENDINARA,81+265,Barriere complete,45.0819865100000,11.5780277599999,via Stradona,ACC_2018,PFTE,Lendinara,,./1.png
11.58696583,45.08333721,VR,(RO),48_ISOLA DELLA SCALA-ROVIGO,LENDINARA,82+000,Barriere complete,45.0833372100000,11.5869658300000,Via Oslavia Centro,ACC_2018,PFTE,Lendinara,,./1.png
11.59704403,45.07972923,VR,(RO),48_ISOLA DELLA SCALA-ROVIGO,LENDINARA,82+892,Barriere complete,45.0797292299999,11.5970440299999,Via Roma,,,,,./0.png
11.60153909,45.07545889,VR,(RO),48_ISOLA DELLA SCALA-ROVIGO,LENDINARA,83+495,Barriere complete,45.0754588900000,11.6015390899999,Via Duode,ACC_2018,,,,./1.png
11.61249016,45.06434207,VR,(RO),48_ISOLA DELLA SCALA-ROVIGO,LENDINARA,84+993,Cancello/Catena con lucchetto/Altro,45.0643420700000,11.6124901600000,,,,,,./0.png
11.62261349,45.05403682,VR,(RO),48_ISOLA DELLA SCALA-ROVIGO,LENDINARA,86+387,Barriere complete,45.0540368200000,11.6226134900000,Via Tre Ponti Marinella,,,,,./0.png
12.31028322,46.28684285,VE,(BL),54_PADOVA-CALALZO,LONGARONE,105+477,Barriere complete,46.2868428499999,12.3102832200000,via Roma,,,,,./0.png
11.93062777,45.60185425,VE,(PD),54_PADOVA-CALALZO,LOREGGIA,3+750,Barriere complete,45.6018542500000,11.9306277699999,via Loreggiola,ACC_2017,PD,54_PADOVA-CALALZO\PL\4.24_SP97_Km_3+750,,./2.png
12.16806527,45.05648,VE,(RO),58_ROVIGO-CHIOGGIA,LOREO,33+699,Cancello/Catena con lucchetto/Altro,45.0564800000000,12.1680652700000,,,,,,./0.png
12.17543605,45.05835782,VE,(RO),58_ROVIGO-CHIOGGIA,LOREO,34+313,Cancello/Catena con lucchetto/Altro,45.0583578199999,12.1754360500000,,,,,,./0.png
12.18519127,45.06048174,VE,(RO),58_ROVIGO-CHIOGGIA,LOREO,35+121,Barriere complete,45.0604817400000,12.1851912700000,Via veneto,,,,,./0.png
12.18782702,45.06015415,VE,(RO),58_ROVIGO-CHIOGGIA,LOREO,35+338,Barriere complete,45.0601541500000,12.1878270200000,Via Riviera Marconi,,,,,./0.png
12.19583354,45.05927372,VE,(RO),58_ROVIGO-CHIOGGIA,LOREO,35+971,Barriere complete,45.0592737200000,12.1958335400000,Via I Maggio,,,,,./0.png
12.20781832,45.06361889,VE,(RO),58_ROVIGO-CHIOGGIA,LOREO,37+04,Barriere complete,45.0636188900000,12.2078183199999,Via Arzeron,,,,,./0.png
12.21101733,45.0648188,VE,(RO),58_ROVIGO-CHIOGGIA,LOREO,37+318,Cancello/Catena con lucchetto/Altro,45.0648187999999,12.2110173300000,,,,,,./0.png
11.84516984,45.70563864,VE,(TV),56_MESTRE-TRENTO,LORIA,40+565,Barriere complete,45.7056386399999,11.8451698400000,Via XXIV Aprile,ACC_2017,,,,./2.png
11.8367,45.71024,VE,(TV),56_MESTRE-TRENTO,LORIA,41+393,Barriere complete,45.7102399999999,11.8367000000000,Via Campagna,ACC_2017,,,,./2.png
11.82057,45.71896,VE,(TV),56_MESTRE-TRENTO,LORIA,42+970,Barriere complete,45.7189600000000,11.8205700000000,Via Bodi,ACC_2017,DPP,56_MESTRE-TRENTO\PL\2.08_Loria-Rossano_42+834-42+790-Marangona-Bodi,,./2.png
11.44066096,45.70523721,VR,(VI),47_VICENZA-SCHIO,MARANO VICENTINO,24+617,Barriere complete,45.7052372100000,11.4406609600000,Via san Maria,ACC_2018,USCITO_ACC_2018,Marano Vicentino,,./1.png
11.42079245,45.70726151,VR,(VI),47_VICENZA-SCHIO,MARANO VICENTINO,26+187,Barriere complete,45.7072615100000,11.4207924500000,Via stazione,,,,,./0.png
11.50501873,45.22305445,VR,(PD),48_CODOGNO-MANTOVA-MONSELICE,MEGLIADINO S.FIDENZIO,152+791,Barriere complete,45.2230544499999,11.5050187300000,Via Luppia,,,,,./0.png
11.51007793,45.22287752,VR,(PD),48_CODOGNO-MANTOVA-MONSELICE,MEGLIADINO S.FIDENZIO,153+182,Barriere complete,45.2228775199999,11.5100779300000,Strada provinciale 32d,,,,,./0.png
11.51584675,45.22265564,VR,(PD),48_CODOGNO-MANTOVA-MONSELICE,BORGO VENETO,153+638,Barriere complete,45.2226556399999,11.5158467500000,Via Fontana II Tronco,ACC_2018,,Borgo Veneto,,./1.png
11.52028308,45.22248948,VR,(PD),48_CODOGNO-MANTOVA-MONSELICE,MEGLIADINO S.FIDENZIO,153+986,Barriere complete,45.2224894800000,11.5202830800000,Via Fontana il Tronco,,,,,./0.png
11.53176487,45.22264661,VR,(PD),48_CODOGNO-MANTOVA-MONSELICE,MEGLIADINO S.FIDENZIO,154+891,Barriere complete,45.2226466099999,11.5317648700000,Via Caponte,,,,,./0.png
11.75130315,45.25072903,VE,(PD),58_BOLOGNA-PADOVA,MONSELICE,100+689,Barriere complete,45.2507290300000,11.7513031500000,via Solana,ACC_2017,,,,./2.png
11.76869209,45.27432179,VE,(PD),58_BOLOGNA-PADOVA,MONSELICE,103+645,Barriere complete,45.2743217900000,11.7686920900000,via Rivella,ACC_2017,PD,58_BOLOGNA_PADOVA\PL\4.03_Monselice_km_103+645 via rivella,,./2.png
11.70852114,45.21932346,VR,(PD),48_CODOGNO-MANTOVA-MONSELICE,MONSELICE,168+886,Barriere complete,45.2193234599999,11.7085211400000,Via Ganzette,,,,,./0.png
11.7182229,45.2222215,VR,(PD),48_CODOGNO-MANTOVA-MONSELICE,MONSELICE,169+714,Barriere complete,45.2222215000000,11.7182229000000,Via Ronchi,,,,,./0.png
11.72987039,45.22609102,VR,(PD),48_CODOGNO-MANTOVA-MONSELICE,MONSELICE,170+722,Barriere complete,45.2260910199999,11.7298703900000,SR10 Padana Inferiore,,,,,./0.png
11.40147383,45.23005906,VR,(PD),48_CODOGNO-MANTOVA-MONSELICE,MONTAGNANA,144+596,Barriere complete,45.2300590600000,11.4014738300000,Via Molinello,ACC_2018,PD,Montagnana,,./1.png
11.40423911,45.22996938,VR,(PD),48_CODOGNO-MANTOVA-MONSELICE,MONTAGNANA,144+812,Barriere complete,45.2299693800000,11.4042391100000,Via Granze,,,,,./0.png
11.41919846,45.22947074,VR,(PD),48_CODOGNO-MANTOVA-MONSELICE,MONTAGNANA,145+984,Barriere complete,45.2294707399999,11.4191984600000,Via Arzarin,,,,,./0.png
11.4341178,45.22899783,VR,(PD),48_CODOGNO-MANTOVA-MONSELICE,MONTAGNANA,147+16,Barriere complete,45.2289978299999,11.4341177999999,Via Pallonga,,,,,./0.png
11.43809666,45.22885923,VR,(PD),48_CODOGNO-MANTOVA-MONSELICE,MONTAGNANA,147+466,Cancello/Catena con lucchetto/Altro,45.2288592299999,11.4380966599999,,,,,,./0.png
11.44567286,45.22862113,VR,(PD),48_CODOGNO-MANTOVA-MONSELICE,MONTAGNANA,148+069,Barriere complete,45.2286211300000,11.4456728600000,Via Lago Zorzi,,,,,./0.png
11.46386725,45.22813655,VR,(PD),48_CODOGNO-MANTOVA-MONSELICE,MONTAGNANA,149+491,Barriere complete,45.2281365500000,11.4638672500000,Via Sant Antonio Abate,,,,,./0.png
11.46658287,45.22785364,VR,(PD),48_CODOGNO-MANTOVA-MONSELICE,MONTAGNANA,149+708,Barriere complete,45.2278536399999,11.4665828700000,Via Campana,,,,,./0.png
11.48203996,45.22506041,VR,(PD),48_CODOGNO-MANTOVA-MONSELICE,MONTAGNANA,150+961,Barriere complete,45.2250604099999,11.4820399600000,Via Ca Megliadino,,,,,./0.png
12.0684756,45.76798198,VE,(TV),54_TREVISO-MONTEBELLUNA,MONTEBELLUNA,18+585,Barriere complete,45.7679819800000,12.0684755999999,Via Cal Trevisana,,,,,./0.png
12.03928547,45.79624319,VE,(TV),54_PADOVA-CALALZO,MONTEBELLUNA,22+668,Barriere complete,45.7962431899999,12.0392854699999,Via Feltrina Nord,,,,,./0.png
12.0231615,45.73760615,VE,(TV),54_PADOVA-CALALZO,MONTEBELLUNA,22+815,Barriere complete,45.7376061499999,12.0231615000000,via schiavonesca,ACC_2017,,,,./2.png
12.0333557,45.80437354,VE,(TV),54_PADOVA-CALALZO,MONTEBELLUNA,23+678,Barriere complete,45.8043735400000,12.0333557000000,via Lauretana,,,,,./0.png
12.03048983,45.74450986,VE,(TV),54_PADOVA-CALALZO,MONTEBELLUNA,23+771,Barriere complete,45.7445098600000,12.0304898300000,via Piroler,ACC_2017,,,,./2.png
12.03596,45.74965,VE,(FI),54_PADOVA-CALALZO,MONTEBELLUNA,24+485,Barriere complete,45.7496500000000,12.0359599999999,Via Sant'Andrea,ACC_2017,,,,./2.png
12.03923,45.75271,VE,(TV),54_PADOVA-CALALZO,MONTEBELLUNA,24+911,Barriere complete,45.7527100000000,12.0392300000000,Via delle lte,ACC_2017,,,,./2.png
12.04345,45.75632,VE,(TV),54_PADOVA-CALALZO,MONTEBELLUNA,25+430,Barriere complete,45.7563200000000,12.0434500000000,Via storta,ACC_2017,,,,./2.png
12.0483755,45.759972,VE,(TV),54_PADOVA-CALALZO,MONTEBELLUNA,25+988,Barriere complete,45.7599719999999,12.0483755000000,Via S. Gaetano,ACC_2017,PD,54_PADOVA-CALALZO\PL\3.09_montebelluna_25+988_viaS.Gaetano,,./2.png
12.05476132,45.76469413,VE,(TV),54_PADOVA-CALALZO,MONTEBELLUNA,26+714,Barriere complete,45.7646941300000,12.0547613200000,via Trevignano,ACC_2017,PD,54_PADOVA-CALALZO\PL\3.09_Montebelluna_26+714_via Trevignano,,./2.png
11.52851533,45.65298712,VR,(VI),47_VICENZA-SCHIO,DUEVILLE,15+116,Barriere complete,45.6529871199999,11.5285153299999,Via Igna,,,,,./0.png
11.51971561,45.66141965,VR,(VI),47_VICENZA-SCHIO,MONTECCHIO PRECALCINO,16+274,Barriere complete,45.6614196499999,11.5197156100000,Via asirina,,,,,./0.png
11.78877831,45.31205027,VE,(PD),58_BOLOGNA-PADOVA,MONTEGROTTO TERME,108+128,Barriere complete,45.3120502700000,11.7887783100000,via Catajo,,,,,./0.png
11.56959682,45.59108559,VR,(VI),47_VICENZA-SCHIO,MONTICELLO CONTE OTTO,7+181,Barriere complete,45.5910855899999,11.5695968199999,Via delle caselle,,,,"6.03",./0.png
11.57002053,45.60064781,VR,(VI),47_VICENZA-SCHIO,MONTICELLO CONTE OTTO,8+240,Barriere complete,45.6006478099999,11.5700205300000,Via Roi,,,,"6.05",./0.png
11.57051634,45.60949439,VR,(VI),47_VICENZA-SCHIO,MONTICELLO CONTE OTTO,9+225,Barriere complete,45.6094943900000,11.5705163399999,Via parmesana,,,,"6.06",./0.png
11.944587,45.901347,VE,(TV),54_PADOVA-CALALZO,ALANO DI PIAVE,37+263,Barriere complete,45.9013470000000,11.9445870000000,via Muggia,,,,,./0.png
10.82028706,45.3016396,VR,(VR),48_VERONA - MODENA,MOZZECANE,77+572,Barriere complete,45.3016396000000,10.8202870600000,Via San Faustino,,,,,./0.png
10.82634165,45.31092762,VR,(VR),48_VERONA - MODENA,MOZZECANE,78+697,Barriere complete,45.3109276200000,10.8263416500000,Via Mediana,,,,,./0.png
10.8319417,45.31951168,VR,(VR),48_VERONA - MODENA,MOZZECANE,79+758,Barriere complete,45.3195116799999,10.8319417000000,Via Quartieri,,,,,./0.png
12.08711482,45.54768131,VE,(VE),56_MESTRE-TRENTO,NOALE,13+657,Barriere complete,45.5476813100000,12.0871148200000,Strada Provinciale Mestrina,ACC_2017,PFTE,56_MESTRE-TRENTO\PL\6.14_km_10+212_via Valentini,,./2.png
12.07782409,45.55234858,VE,(VE),56_MESTRE-TRENTO,NOALE,14+550,Barriere complete,45.5523485800000,12.0778240900000,Strada degli Ongari,ACC_2017,PE,56_MESTRE-TRENTO\PL\6.19_Noale_km_14+550_via Ongari,,./2.png
12.07242166,45.55508124,VE,(VE),56_MESTRE-TRENTO,NOALE,15+068,Barriere complete,45.5550812400000,12.0724216600000,SR 515,ACC_2017,,,,./2.png
12.06231741,45.56140837,VE,(VE),56_MESTRE-TRENTO,NOALE,16+132,Barriere complete,45.5614083700000,12.0623174100000,Strada della Valsugana,SFMR_RISOL_2016,PE,56_MESTRE-TRENTO\PL\6.22_Noale_km_16+132_via Valsugana,,./0.png
12.05404558,45.56787947,VE,(VE),56_MESTRE-TRENTO,NOALE,17+093,Barriere complete,45.5678794700000,12.0540455800000,Via Casone,ACC_2017,PD,56_MESTRE-TRENTO\PL\6.23_km_17+093_via Casone,,./2.png
11.03080545,45.18502386,VR,(VR),48_CODOGNO-MANTOVA-MONSELICE,NOGARA,112+494,Barriere complete,45.1850238600000,11.0308054500000,Via Rovere,ACC_2018,,Nogara,,./1.png
11.04774532,45.18413151,VR,(VR),48_CODOGNO-MANTOVA-MONSELICE,NOGARA,113+824,Barriere complete,45.1841315100000,11.0477453200000,Via Olmo,,,,,./0.png
11.06170178,45.18356791,VR,(VR),48_CODOGNO-MANTOVA-MONSELICE,NOGARA,114+928,Barriere complete,45.1835679100000,11.0617017800000,SP12,,,,,./0.png
11.10695,45.18535,VR,(VR),48_CODOGNO-MANTOVA-MONSELICE,NOGARA,119+022,Barriere complete,45.1853500000000,11.1069499999999,Via Barabo,,,,,./0.png
11.58010151,45.22302227,VR,(PD),48_CODOGNO-MANTOVA-MONSELICE,OSPEDALETTO EUGANEO,158+680,Barriere complete,45.2230222700000,11.5801015100000,Via Vallancon nord,,,,,./0.png
11.59741798,45.22217058,VR,(PD),48_CODOGNO-MANTOVA-MONSELICE,OSPEDALETTO EUGANEO,160+045,Barriere complete,45.2221705799999,11.5974179799999,Via Mandolare,ACC_2018,USCITO_ACC_2018,Ospedaletto Euganeo,,./1.png
11.61045148,45.22151294,VR,(PD),48_CODOGNO-MANTOVA-MONSELICE,OSPEDALETTO EUGANEO,161+070,Barriere complete,45.2215129399999,11.6104514800000,Via IV Novembre,,,,,./0.png
12.32406147,46.30718276,VE,(BL),54_PADOVA-CALALZO,OSPITALE DI CADORE,108+162,Barriere complete,46.3071827600000,12.3240614700000,Via Termine,,,,,./0.png
11.89785054,45.41929148,VE,(PD),53_PADOVA INTERPORTO,PADOVA,0+025,Barriere complete,45.4192914799999,11.8978505400000,via A. Gramsci,,,,,./0.png
11.91469253,45.41395996,VE,(PD),53_PADOVA INTERPORTO,PADOVA,1+51,Barriere complete,45.4139599600000,11.9146925300000,via Friburgo,,,,,./0.png
11.91539309,45.41332923,VE,(PD),53_PADOVA INTERPORTO,PADOVA,1+601,Barriere complete,45.4133292300000,11.9153930900000,via Friburgo,,,,,./0.png
11.8695731375645,45.4231032507373,VE,(PD),55_BASSANO-PADOVA,PADOVA,46+160,Barriere complete,45.4230745000000,11.8695819000000,corso tre venezie,ACC_2017,,,,./2.png
12.14367675,45.71915826,VE,(TV),54_TREVISO-MONTEBELLUNA,PAESE,10+602,Barriere complete,45.7191582600000,12.1436767499999,Via Fratelli Bianchin,,,,,./0.png
12.18964328,45.68613207,VE,(TV),54_TREVISO-MONTEBELLUNA,PAESE,5+478,Barriere complete,45.6861320699999,12.1896432800000,Via Arma dei Carabinieri,,,,,./0.png
12.11933132,45.67445705,VE,(TV),55_VICENZA-TREVISO,PAESE,50+036,Barriere complete,45.6744570500000,12.1193313200000,Via Cal Morgana,SFMR,,55_VICENZA-TREVISO\PL\1.27_Paese_kmm_50+036-50+713,,./0.png
12.12781734,45.67339836,VE,(TV),55_VICENZA-TREVISO,PAESE,50+713,Barriere complete,45.6733983600000,12.1278173400000,Via nazionale,SFMR,,55_VICENZA-TREVISO\PL\1.27_Paese_kmm_50+036-50+713,,./0.png
12.14720097,45.67097236,VE,(TV),55_VICENZA-TREVISO,PAESE,52+241,Barriere complete,45.6709723600000,12.1472009700000,Via mons C. Breda,ACC_2017,PD,55_VICENZA-TREVISO\PL\1.28_Paese_km_52+241,,./2.png
12.15518648,45.66997061,VE,(TV),55_VICENZA-TREVISO,PAESE,52+876,Barriere complete,45.6699706100000,12.1551864799999,Via delle Levade,,,,,./0.png
12.18097305,45.69238331,VE,(TV),54_TREVISO-MONTEBELLUNA,PAESE,6+445,Barriere complete,45.6923833099999,12.1809730500000,Strada Provinciale 79,,,,,./0.png
12.1681062,45.70160687,VE,(TV),54_TREVISO-MONTEBELLUNA,PAESE,7+879,Cancello/Catena con lucchetto/Altro,45.7016068699999,12.1681062000000,,,,,,./0.png
12.1619275244544,45.7060637792995,VE,(TV),54_TREVISO-MONTEBELLUNA,PAESE,8+57,Barriere complete,45.7071757499999,12.1603659400000,Via Francesco Guardi,,,,,./0.png
12.14939211,45.71504135,VE,(TV),54_TREVISO-MONTEBELLUNA,PAESE,9+966,Barriere complete,45.7150413500000,12.1493921100000,Via Angelo Visentin,,,,,./0.png
12.00876042,45.84465678,VE,(TV),54_PADOVA-CALALZO,PEDEROBBA,28+57,Barriere complete,45.8446567800000,12.0087604200000,Va Levada,,,,,./0.png
12.00652667,45.85048848,VE,(TV),54_PADOVA-CALALZO,PEDEROBBA,29+24,Barriere complete,45.8504884800000,12.0065266700000,Via Montello,,,,,./0.png
12.00381864,45.85452758,VE,(TV),54_PADOVA-CALALZO,PEDEROBBA,29+745,Barriere complete,45.8545275800000,12.0038186400000,Viabilita campestre,,,,,./0.png
11.99920054,45.85877404,VE,(TV),54_PADOVA-CALALZO,PEDEROBBA,32+719,Barriere complete,45.8587740400000,11.9992005400000,Strada Privata,,,,,./0.png
12.00421643,45.60672395,VE,(PD),56_MESTRE-TRENTO,PIOMBINO DESE,22+894,Barriere complete,45.6067239500000,12.0042164300000,Via Roma,ACC_2017,PFTE,56_MESTRE-TRENTO\PL\6.28_km_22+894_via Roma,,./2.png
12.0023616,45.60809922,VE,(PD),56_MESTRE-TRENTO,PIOMBINO DESE,23+111,Barriere complete,45.6080992200000,12.0023616000000,Via Meolde,SFMR_RISOL_2016,PFTE,56_MESTRE-TRENTO\PL\6.29_km_23+111_via Meolde,,./0.png
12.80523197,45.77380057,VE,(VE),57_TREVISO-PORTOGRUARO,PORTOGRUARO,50+188,Barriere complete,45.7738005699999,12.8052319699999,Via Noiare,DGR 1655/2011,CHIUSO,,,./3.png
12.71288692,45.77458787,VE,(VE),57_TREVISO-PORTOGRUARO,PRAMAGGIORE,43+003,Barriere complete,45.7745878699999,12.7128869200000,Via Belfiore,,,,,./0.png
12.73460773,45.77439815,VE,(VE),57_TREVISO-PORTOGRUARO,PRAMAGGIORE,44+690,Barriere complete,45.7743981500000,12.7346077300000,Via Boa,ACC_2018,,Pramaggiore,,./1.png
12.74226849,45.77426975,VE,(VE),57_TREVISO-PORTOGRUARO,PRAMAGGIORE,48+288,Barriere complete,45.7742697500000,12.7422684900000,Via Lison,,,,,./0.png
12.17460281,45.66787651,VE,(TV),55_VICENZA-TREVISO,QUINTO DI TREVISO,54+406,Barriere complete,45.6678765099999,12.1746028100000,Via Brondi,SFMR,PD,,,./0.png
11.9637466,45.63457731,VE,(TV),56_MESTRE-TRENTO,RESANA,27+358,Barriere complete,45.6345773099999,11.9637466000000,Via Vittorio Veneto,ACC_2017,manca sottopasso ciclabile,,,./2.png
11.95664344,45.64140533,VE,(TV),56_MESTRE-TRENTO,RESANA,28+294,Barriere complete,45.6414053299999,11.9566434400000,Via Brigola,ACC_2017,PD,56_MESTRE-TRENTO\PL\6.35_28+294_via_Brigola,,./2.png
12.40610728,45.59328822,VE,(TV),52_VENEZIA MESTRE-TRIESTE,RONCADE,19+611,Barriere complete,45.5932882199999,12.4061072800000,Via Stradazza,ACC_2017,PD,52_VENEZIA MESTRE-TRIESTE\PL\3.02_Roncade_km_19+611-21+551 via stradazza,,./2.png
12.427488,45.60221909,VE,(TV),52_VENEZIA MESTRE-TRIESTE,RONCADE,21+551,Barriere complete,45.6022190899999,12.4274880000000,Via Boschi,ACC_2017,PD,52_VENEZIA MESTRE-TRIESTE\PL\3.02_Roncade_km_19+611-21+551 via stradazza,,./2.png
11.76421,45.73516,VE,(VI),55_BASSANO-PADOVA,ROSA',3+952,Barriere complete,45.7351600000000,11.7642100000000,Via Borgo Tocchi,,,,,./0.png
11.76896,45.72935,VE,(VI),55_BASSANO-PADOVA,ROSA',4+698,Barriere complete,45.7293499999999,11.7689600000000,Via Segafreddo,,,,,./0.png
11.77105,45.72679,VE,(VI),55_BASSANO-PADOVA,ROSA',5+026,Barriere complete,45.7267900000000,11.7710500000000,Via San Pio X,,,,,./0.png
11.77422,45.72268,VE,(VI),55_BASSANO-PADOVA,ROSA',5+541,Barriere complete,45.7226799999999,11.7742200000000,Via Segafreddo,,,,,./0.png
11.77505,45.72159,VE,(VI),55_BASSANO-PADOVA,ROSA',5+676,Barriere complete,45.7215899999999,11.7750500000000,Via Ca' Minotto,,,,,./0.png
11.78251,45.710059,VE,(VI),55_BASSANO-PADOVA,ROSA',7+094,Barriere complete,45.7100590000000,11.7825100000000,Via Campagnola,,,,,./0.png
11.78553,45.69954,VE,(VI),55_BASSANO-PADOVA,ROSA',8+286,Barriere complete,45.6995399999999,11.7855300000000,Via Roane,,,,,./0.png
12.24143848,45.07621111,VE,(RO),58_ROVIGO-CHIOGGIA,ROSOLINA,40+027,Barriere complete,45.0762111100000,12.2414384799999,Viale Guglielmo Marconi,,,,,./0.png
12.24312863,45.07705025,VE,(RO),58_ROVIGO-CHIOGGIA,ROSOLINA,40+196,Barriere complete,45.0770502499999,12.2431286299999,Via dei Cesari,,,,,./0.png
12.24809616,45.08374928,VE,(RO),58_ROVIGO-CHIOGGIA,ROSOLINA,41+057,Cancello/Catena con lucchetto/Altro,45.0837492799999,12.2480961599999,,,,,,./0.png
12.25298667,45.09670171,VE,(RO),58_ROVIGO-CHIOGGIA,ROSOLINA,42+54,Barriere complete,45.0967017099999,12.2529866700000,Via Borgata Volto,,,,,./0.png
12.25371291,45.1004531,VE,(RO),58_ROVIGO-CHIOGGIA,ROSOLINA,42+964,Barriere complete,45.1004531000000,12.2537129100000,Via Valentino Brigato,,,,,./0.png
12.25079797,45.10885949,VE,(RO),58_ROVIGO-CHIOGGIA,ROSOLINA,43+937,Barriere complete,45.1088594900000,12.2507979700000,Via Adge,,,,,./0.png
11.78363542,45.06286628,VE,(RO),58_ROVIGO-CHIOGGIA,ROVIGO,1+598,Barriere complete,45.0628662800000,11.7836354200000,Via Vittorio Veneto,,,,,./0.png
11.79278951,45.05158671,VE,(RO),58_ROVIGO-CHIOGGIA,ROVIGO,3+044,Barriere complete,45.0515867100000,11.7927895100000,Via Don Enrico Tazzoli,ACC_2018,,,,./1.png
11.80588771,45.04539443,VE,(RO),58_ROVIGO-CHIOGGIA,ROVIGO,4+373,Barriere complete,45.0453944300000,11.8058877100000,Via Martiri di Belfiore,,,,,./0.png
11.82135109,45.04602911,VE,(RO),58_ROVIGO-CHIOGGIA,ROVIGO,5+597,Barriere complete,45.0460291099999,11.8213510900000,Via Della Coinciliazione,,,,,./0.png
11.73530723,45.05601754,VR,(RO),48_ISOLA DELLA SCALA-ROVIGO,ROVIGO,96+458,Barriere complete,45.0560175399999,11.7353072300000,Via Rodolfo Rossi,ACC_2017,,,,./2.png
11.7442705,45.05839598,VR,(RO),48_ISOLA DELLA SCALA-ROVIGO,ROVIGO,97+204,Barriere complete,45.0583959800000,11.7442705000000,Strada privata,ACC_2018,,,,./1.png
11.75029483,45.05998598,VR,(RO),48_ISOLA DELLA SCALA-ROVIGO,ROVIGO,97+713,Barriere complete,45.0599859800000,11.7502948300000,Via Busovecchio,ACC_2017,,,,./2.png
11.75758964,45.06190512,VR,(RO),48_ISOLA DELLA SCALA-ROVIGO,ROVIGO,98+322,Barriere complete,45.0619051199999,11.7575896400000,Via Mascherine,ACC_2018,,,,./1.png
11.53921654,45.2228289,VR,(PD),48_CODOGNO-MANTOVA-MONSELICE,SALETTO,155+473,Barriere complete,45.2228289000000,11.5392165400000,Via A. Volta,ACC_2018,,Borgo Veneto,,./1.png
11.54172618,45.22285027,VR,(PD),48_CODOGNO-MANTOVA-MONSELICE,SALETTO,155+67,Barriere complete,45.2228502700000,11.5417261800000,Via G. Marconi,,,,,./0.png
11.54736694737,45.2228944729698,VR,(PD),48_CODOGNO-MANTOVA-MONSELICE,SALETTO,156+112,Barriere complete,45.2228763299999,11.5473843400000,Via Opp II Tratto,ACC_2018,,,,./1.png
11.55235259123,45.222921194756,VR,(PD),48_CODOGNO-MANTOVA-MONSELICE,SALETTO,156+494,Barriere complete,45.2228999000000,11.5522995400000,via postale vecchia sud,,,,,./0.png
11.5618748,45.22295063,VR,(PD),48_CODOGNO-MANTOVA-MONSELICE,SALETTO,157+251,Cancello/Catena con lucchetto/Altro,45.2229506300000,11.5618748000000,,,,,,./0.png
11.57282828,45.22300178,VR,(PD),48_CODOGNO-MANTOVA-MONSELICE,SALETTO,158+109,Barriere complete,45.2230017799999,11.5728282800000,Via Gorgo,ACC_2018,,,,./1.png
12.12302326,45.52964003,VE,(VE),56_MESTRE-TRENTO,SALZANO,10+212,Barriere complete,45.5296400300000,12.1230232600000,Via Borgo Valentini,ACC_2017,PFTE,56_MESTRE-TRENTO\PL\6.14_km_10+212_via Valentini,,./2.png
12.37315913,45.68591201,VE,(TV),57_TREVISO-PORTOGRUARO,SAN BIAGIO DI CALLALTA,10+657,Barriere complete,45.6859120100000,12.3731591299999,via Trieste,,,,,./0.png
12.38639996,45.6889878,VE,(TV),57_TREVISO-PORTOGRUARO,SAN BIAGIO DI CALLALTA,11+744,Barriere complete,45.6889878000000,12.3863999600000,via cucca,,,,,./0.png
12.59807656,45.66448803,VE,(VE),52_VENEZIA MESTRE-TRIESTE,SAN DONA' DI PIAVE,36+834,Barriere complete,45.6644880300000,12.5980765600000,Via Formighe,,,,,./0.png
11.916851,45.541156,VE,(PD),55_BASSANO-PADOVA,SAN GIORGIO DELLE PERTICHE,32+328,Barriere complete,45.5411560000000,11.9168509999999,Via Roma,ACC_2017,PD,54_PADOVA-CALALZO\PL\4.15_via_Roma_km_32+328,,./2.png
11.83816585,45.61381861,VE,(PD),55_BASSANO-PADOVA,SAN GIORGIO IN BOSCO,20+026,Barriere complete,45.6138186100000,11.8381658499999,Via Montegrappa,ACC_2017,,,,./2.png
11.84713102,45.65486563,VE,(PD),55_VICENZA-TREVISO,SAN MARTINO DI LUPARI,28+629,Barriere complete,45.6548656300000,11.8471310200000,Via Tombolata,ACC_2017,,,,./2.png
12.94562166,45.78351581,VE,(VE),52_VENEZIA MESTRE-TRIESTE,SAN MICHELE AL TAGLIAMENTO,68+274,Barriere complete,45.7835158099999,12.9456216600000,Via Venzona,,,,,./0.png
12.95768707,45.78052557,VE,(VE),52_VENEZIA MESTRE-TRIESTE,SAN MICHELE AL TAGLIAMENTO,69+274,Barriere complete,45.7805255700000,12.9576870700000,Via Fornace vecchia,,,,,./0.png
12.96097794,45.77964087,VE,(VE),52_VENEZIA MESTRE-TRIESTE,SAN MICHELE AL TAGLIAMENTO,69+548,Barriere complete,45.7796408700000,12.9609779399999,Via Montalbano,,,,,./0.png
12.97685714,45.77524944,VE,(VE),52_VENEZIA MESTRE-TRIESTE,SAN MICHELE AL TAGLIAMENTO,70+877,Barriere complete,45.7752494400000,12.9768571400000,Via Sant'Urbano,,,,,./0.png
11.69075327,45.83848242,VE,(VI),56_MESTRE-TRENTO,SAN NAZARIO,61+039,Barriere complete,45.8384824199999,11.6907532700000,Via Europa,,,,,./0.png
11.6590313374388,45.5995552484558,VE,(PD),55_VICENZA-TREVISO,SAN PIETRO IN GU,11+936,Barriere complete,45.6026860400000,11.6672147300000,Via Armedola,,,,,./0.png
11.6671685182632,45.6027594379671,VE,(PD),55_VICENZA-TREVISO,SAN PIETRO IN GU,12+658,Barriere complete,45.6068547400000,11.6777708199999,Via Biasiati,,,,,./0.png
12.32929,45.90177,VE,(LU),54_CONEGLIANO- PONTE NELLE ALPI,SAN VENDEMIANO,3+305,Barriere complete,45.9017699999999,12.3292900000000,via Longhena,,,,,./0.png
12.32407187,45.91102516,VE,(TV),54_CONEGLIANO- PONTE NELLE ALPI,SAN VENDEMIANO,4+409,Barriere complete,45.9110251600000,12.3240718699999,via Calpena,,,,,./0.png
11.14907344,45.18853256,VE,(VR),48_CODOGNO-MANTOVA-MONSELICE,SANGUINETTO,122+344,Barriere complete,45.1885325599999,11.1490734400000,Via Rimembranza,ACC_2018,USCITO_ACC_2018,Sanguinetto,,./1.png
11.15623248,45.18911707,VR,(VR),48_CODOGNO-MANTOVA-MONSELICE,SANGUINETTO,122+916,Barriere complete,45.1891170700000,11.1562324800000,Via barbere,,,,,./0.png
12.00087592,46.05921263,VE,(BL),54_PADOVA-CALALZO,SANTA GIUSTINA BELLUNESE,66+3,Cancello/Catena con lucchetto/Altro,46.0592126299999,12.0008759200000,,,,,,./0.png
11.99980714,46.05785573,VE,(BL),54_PADOVA-CALALZO,SANTA GIUSTINA BELLUNESE,66+478,Cancello/Catena con lucchetto/Altro,46.0578557300000,11.9998071400000,,,,,,./0.png
11.99200248,46.05265072,VE,(BL),54_PADOVA-CALALZO,SANTA GIUSTINA BELLUNESE,67+35,Cancello/Catena con lucchetto/Altro,46.0526507200000,11.9920024800000,,,,,,./0.png
12.02908428,46.07776944,VE,(BL),54_PADOVA-CALALZO,SANTA GIUSTINA BELLUNESE,67+684,Barriere complete,46.0777694399999,12.0290842799999,piazza Dolomiti,,,,,./0.png
11.87683966,45.5973473,VE,(PD),55_BASSANO-PADOVA,SANTA GIUSTINA IN COLLE,23+554,Barriere complete,45.5973473000000,11.8768396600000,Via Ferrata,ACC_2018,PFTE,Santa Giustina in Colle,,./1.png
11.88628271,45.59370518,VE,(PD),55_BASSANO-PADOVA,SANTA GIUSTINA IN COLLE,24+39,Barriere complete,45.5937051800000,11.8862827100000,Via Commerciale,,,,,./0.png
11.88788893,45.59308365,VE,(PD),55_BASSANO-PADOVA,SANTA GIUSTINA IN COLLE,24+539,Barriere complete,45.5930836499999,11.8878889300000,Via Riobianco,ACC_2018,PFTE,Santa Giustina in Colle,,./1.png
11.90559,45.58626,VE,(PD),55_BASSANO-PADOVA,SANTA GIUSTINA IN COLLE,26+113,Barriere complete,45.5862600000000,11.9055900000000,via Fontane bianche,ACC_2017,,,,./2.png
11.90684,45.58577,VE,(PD),55_BASSANO-PADOVA,SANTA GIUSTINA IN COLLE,26+223,Barriere complete,45.5857699999999,11.9068400000000,Via Fratte,,,,,./0.png
12.68169808,45.72065858,VE,(VE),52_VENEZIA MESTRE-TRIESTE,SANTO STINO DI LIVENZA,45+852,Barriere complete,45.7206585799999,12.6816980800000,via Stazione,,,,,./0.png
11.39688526,45.7096719,VE,(VI),47_VICENZA-SCHIO,SCHIO,28+068,Cancello/Catena con lucchetto/Altro,45.7096718999999,11.3968852599999,,,,,,./0.png
11.372605,45.710987,VR,(VI),47_VICENZA-SCHIO,SCHIO,29+971,Barriere complete,45.7109870000000,11.3726050000000,viale dell'industria,,,,,./0.png
11.71637728,45.81962246,VR,(VI),56_MESTRE-TRENTO,SOLAGNA,58+113,Barriere complete,45.8196224599999,11.7163772800000,Via IV Novembre,,,,,./0.png
11.71535447,45.81999996,VE,(VI),56_MESTRE-TRENTO,SOLAGNA,58+202,Barriere complete,45.8199999599999,11.7153544699999,Via Zarpellon,,,,,./0.png
11.71966906,45.17089763,VE,(PD),58_BOLOGNA-PADOVA,SOLESINO,90+796,Barriere complete,45.1708976299999,11.7196690599999,via Ceresara,,,,,./0.png
11.00659282,45.1852187,VE,(VR),48_CODOGNO-MANTOVA-MONSELICE,SORGA',110+575,Barriere complete,45.1852187000000,11.0065928200000,via Dante,,,,,./0.png
12.86499783,45.81996746,VR,(VE),66_PORTOGRUARO-CASARSA,TEGLIO VENETO,5+121,Barriere complete,45.8199674600000,12.8649978300000,via Viola,,,,,./0.png
11.78979685,45.68466429,TS,(VI),55_BASSANO-PADOVA,TEZZE S. BRENTA,9+956,Cancello/Catena con lucchetto/Altro,45.6846642900000,11.7897968500000,,,,,,./0.png
11.79044,45.68235,VE,(VI),55_BASSANO-PADOVA,TEZZE SUL BRENTA,10+228,Barriere complete,45.6823500000000,11.7904400000000,Via Mottinello,,,,,./0.png
11.78553,45.69953,VE,(VI),55_BASSANO-PADOVA,TEZZE SUL BRENTA,9+507,Barriere complete,45.6995300000000,11.7855300000000,Via Roane,,,,,./0.png
11.50834527,45.67233478,VR,(VI),47_VICENZA-SCHIO,THIENE,17+775,Barriere complete,45.6723347800000,11.5083452700000,Via ca' magre,,,,,./0.png
11.46709764,45.70276852,VR,(VI),47_VICENZA-SCHIO,THIENE,22+546,Barriere complete,45.7027685199999,11.4670976400000,Via delle pastorelle,,,,,./0.png
11.46272482,45.70315716,VR,(VI),47_VICENZA-SCHIO,THIENE,22+888,Barriere complete,45.7031571600000,11.4627248200000,Via rostone,,,,,./0.png
11.45852161,45.70353602,VR,(VI),47_VICENZA-SCHIO,THIENE,23+215,Barriere complete,45.7035360200000,11.4585216100000,Via vianelle di sotto,ACC_2018,PFTE,Thiene,,./1.png
11.45576751,45.70377959,VR,(VI),47_VICENZA-SCHIO,THIENE,23+435,Barriere complete,45.7037795900000,11.4557675099999,Via vianelle di sopra,ACC_2018,,,,./1.png
11.44708109,45.70456949,VR,(VI),47_VICENZA-SCHIO,MARANO VICENTINO,24+113,Barriere complete,45.7045694899999,11.4470810899999,Via corte,,,,,./0.png
11.81252,45.62479,VE,(PD),55_BASSANO-PADOVA,TOMBOLO,17+684,Barriere complete,45.6247899999999,11.8125199999999,Via Ronchi,,,,,./0.png
11.82406765,45.6198524,VE,(PD),55_BASSANO-PADOVA,TOMBOLO,18+740,Barriere complete,45.6198523999999,11.8240676500000,Via Campolongo,ACC_2018,PFTE,Tombolo,,./1.png
11.82793913,45.61820187,VE,(PD),55_BASSANO-PADOVA,TOMBOLO,19+093,Barriere complete,45.6182018700000,11.8279391300000,Via Galvanelle,,,,,./0.png
12.04079387,45.57826448,VE,(PD),56_MESTRE-TRENTO,TREBASELEGHE,18+633,Cancello/Catena con lucchetto/Altro,45.5782644800000,12.0407938700000,,,,,,./0.png
12.13038276,45.72868326,VE,(TV),54_TREVISO-MONTEBELLUNA,TREVIGNANO,12+081,Barriere complete,45.7286832599999,12.1303827600000,Via Palladio,,,,,./0.png
12.12502409,45.73252186,VE,(TV),54_TREVISO-MONTEBELLUNA,TREVIGNANO,12+677,Barriere complete,45.7325218599999,12.1250240900000,Via Giorgione,,,,,./0.png
12.12124792,45.7352277,VE,(TV),54_TREVISO-MONTEBELLUNA,TREVIGNANO,13+099,Barriere complete,45.7352277000000,12.1212479200000,Via Piavesella,,,,,./0.png
12.1081516,45.7446487,VE,(TV),54_TREVISO-MONTEBELLUNA,TREVIGNANO,14+559,Barriere complete,45.7446486999999,12.1081515999999,Via Bassa,,,,,./0.png
12.10411901,45.74732227,VE,(TV),54_TREVISO-MONTEBELLUNA,TREVIGNANO,14+988,Barriere complete,45.7473222699999,12.1041190100000,Via Risorgimento,,,,,./0.png
12.09405,45.75316,VE,(TV),54_TREVISO-MONTEBELLUNA,TREVIGNANO,16+006,Barriere complete,45.7531600000000,12.0940499999999,Via Monte Ortigara,,,,,./0.png
12.27279198,45.66918268,VE,(TV),57_TREVISO-PORTOGRUARO,TREVISO,2+555,Cancello/Catena con lucchetto/Altro,45.6691826799999,12.2727919799999,,,,,,./0.png
12.21363118,45.66882159,VE,(TV),54_TREVISO-MONTEBELLUNA,TREVISO,2+798,Barriere complete,45.6688215900000,12.2136311800000,Strada di sorvenigo,,,,,./0.png
12.23435143,45.65788293,VE,(TV),57_ VENEZIA MESTRE-UDINE,TREVISO,20+011,Barriere complete,45.6578829300000,12.2343514300000,San Zeno,,,,,./0.png
12.20773452,45.67308131,VE,(TV),54_TREVISO-MONTEBELLUNA,TREVISO,3+459,Barriere complete,45.6730813100000,12.2077345200000,Strada di sorvenigo,,,,,./0.png
12.2024376,45.67689467,VE,(TV),54_TREVISO-MONTEBELLUNA,TREVISO,4+049,Barriere complete,45.6768946700000,12.2024376000000,Strada Foiana,,,,,./0.png
12.19970195,45.67887514,VE,(TV),54_TREVISO-MONTEBELLUNA,TREVISO,4+35,Barriere complete,45.6788751400000,12.1997019500000,Via Don Enrico Cagnin,,,,,./0.png
12.23325578,45.66020064,VE,(TV),55_VICENZA-TREVISO,TREVISO,59+110,Barriere complete,45.6602006399999,12.2332557800000,Via G.Benzi,ACC_2017,PD,55_VICENZA-TREVISO\PL\1.34_Treviso_kmm_59+110-59+345,,./2.png
12.23602108,45.65970188,VE,(TV),55_VICENZA-TREVISO,TREVISO,59+345,Barriere complete,45.6597018800000,12.2360210800000,Viale dei cacciatori,ACC_2017,PD,55_VICENZA-TREVISO\PL\1.34_Treviso_kmm_59+110-59+345,,./2.png
11.99639488,45.71240382,VE,(TV),54_PADOVA-CALALZO,VEDELAGO,19+321,Barriere complete,45.7124038199999,11.9963948800000,Via Stazione,,,,,./0.png
12.0058159,45.72127101,VE,(TV),54_PADOVA-CALALZO,VEDELAGO,20+554,Barriere complete,45.7212710100000,12.0058159000000,Via Pola,,,,,./0.png
12.00111336,45.66951515,VE,(TV),55_VICENZA-TREVISO,VEDELAGO,40+765,Barriere complete,45.6695151500000,12.0011133600000,Via Brenta,,,,,./0.png
12.0117523,45.67005509,VE,(TV),55_VICENZA-TREVISO,VEDELAGO,41+59,Barriere complete,45.6700550899999,12.0117522999999,Via Stazione,ACC_2017,PFTE,55_VICENZA-TREVISO\PL\1.19_Vedelago_km_41+590_via Stazione,,./2.png
12.0256313,45.67074492,VE,(TV),55_VICENZA-TREVISO,VEDELAGO,42+68,Barriere complete,45.6707449199999,12.0256313000000,Via delle Vallie,ACC_2018,,Vedelago,,./1.png
12.03523891,45.6712064,VE,(TV),55_VICENZA-TREVISO,VEDELAGO,43+427,Barriere complete,45.6712064000000,12.0352389100000,Via Ca' Matta,,,,,./0.png
12.06045061,45.67274575,VE,(TV),55_VICENZA-TREVISO,VEDELAGO,45+403,Barriere complete,45.6727457499999,12.0604506100000,Via Filippo Neri,SFMR,,55_VICENZA-TREVISO\PL\1.22_Vedelago_km_45+403,,./0.png
12.2223421761574,45.4851309035147,VE,(VE),53_MESTRE-MARGHERA_SCALO,VENEZIA,1+111,Barriere complete,45.4851359500000,12.2223189900000,via Giustizia,,,,,./0.png
12.24007926,45.47867518,VE,(VE),53_MESTRE-MARGHERA_SCALO,VENEZIA,0+806,Barriere complete,45.4786751800000,12.2400792600000,via delle Industrie,,,,,./0.png
12.23964,45.47443,VE,(VE),53_MESTRE-MARGHERA_SCALO,VENEZIA,1+316,Barriere complete,45.4744299999999,12.2396400000000,via delle macchine,,,,,./0.png
12.22366,45.49091,VE,(VE),52_VENEZIA MESTRE-TRIESTE,VENEZIA,1+337,Barriere complete,45.4909100000000,12.2236600000000,via Gazzera Alta,ACC_2017,PE,,,./2.png
12.19494501,45.51644421,VE,(VE),57_BIVIO MAROCCO-SPINEA,VENEZIA,3+4,Barriere complete,45.5164442100000,12.1949450100000,via Selvanese,,,,,./0.png
12.24736838,45.50653258,VE,(VE),52_VENEZIA MESTRE-TRIESTE,VENEZIA,3+879,Barriere complete,45.5065325799999,12.2473683799999,via Trezzo,,,,,./0.png
12.18044351,45.49704143,VE,(VE),57_BIVIO MAROCCO-SPINEA,VENEZIA,5+855,Barriere complete,45.4970414300000,12.1804435100000,via Asseggiano,,,,,./0.png
12.28764338,45.53004393,VE,(VE),52_VENEZIA MESTRE-TRIESTE,VENEZIA,7+972,Cancello/Catena con lucchetto/Altro,45.5300439299999,12.2876433800000,,,,,,./0.png
12.17406924,45.49989281,VE,(VE),56_MESTRE-TRENTO,VENEZIA,8+021,Barriere complete,45.4998928099999,12.1740692400000,via Asseggiano,,,,,./0.png
12.29039594,45.53159942,VE,(VE),52_VENEZIA MESTRE-TRIESTE,VENEZIA,8+248,Cancello/Catena con lucchetto/Altro,45.5315994199999,12.2903959400000,,,,,,./0.png
12.29404982,45.53366758,VE,(VE),52_VENEZIA MESTRE-TRIESTE,VENEZIA,8+612,Cancello/Catena con lucchetto/Altro,45.5336675799999,12.2940498200000,,,,,,./0.png
11.56726,45.55773,VR,(VI),47_VICENZA-SCHIO,VICENZA,3+476,Cancello/Catena con lucchetto/Altro,45.5577299999999,11.5672599999999,,,,,,./0.png
11.56784,45.56554,VR,(VI),47_VICENZA-SCHIO,VICENZA,4+340,Barriere complete,45.5655399999999,11.5678400000000,Via anconetta,ACC_2017,,,"6.02",./2.png
11.56834,45.56939,VR,(VI),47_VICENZA-SCHIO,VICENZA,4+762,Barriere complete,45.5693899999999,11.5683399999999,Via camaldolesi,ACC_2017,,,"6.02",./2.png
11.34751472,45.15374933,VR,(VR),48_ISOLA DELLA SCALA-ROVIGO,VILLA BARTOLOMEA,59+422,Barriere complete,45.1537493299999,11.3475147199999,Via Fondovilla,,,,,./0.png
11.35454517,45.14982169,VR,(VR),48_ISOLA DELLA SCALA-ROVIGO,VILLA BARTOLOMEA,60+132,Barriere complete,45.1498216900000,11.3545451700000,Via Olmetto,,,,,./0.png
11.36296834,45.14510967,VR,(VR),48_ISOLA DELLA SCALA-ROVIGO,VILLA BARTOLOMEA,60+974,Barriere complete,45.1451096699999,11.3629683400000,Via Ferranti,ACC_2018,PD,Villa Bartolomea,,./1.png
11.3705894,45.14084814,VR,(VR),48_ISOLA DELLA SCALA-ROVIGO,VILLA BARTOLOMEA,61+739,Barriere complete,45.1408481400000,11.3705894000000,Via Pila,,,,,./0.png
11.38485946,45.1328405,VR,(VR),48_ISOLA DELLA SCALA-ROVIGO,VILLA BARTOLOMEA,63+170,Barriere complete,45.1328405000000,11.3848594599999,Via Gagliarda,ACC_2018,PD,Villa Bartolomea,,./1.png
11.39219086,45.12808376,VR,(VR),48_ISOLA DELLA SCALA-ROVIGO,VILLA BARTOLOMEA,63+953,Barriere complete,45.1280837600000,11.3921908599999,Via Stangabo',,,,,./0.png
11.84375006,45.61144485,VE,(PD),55_BASSANO-PADOVA,VILLA DEL CONTE,20+535,Barriere complete,45.6114448499999,11.8437500600000,Via Strada militare,ACC_2018,DPP,Villa del Conte,,./1.png
11.85019494,45.60868842,VE,(PD),55_BASSANO-PADOVA,VILLA DEL CONTE,21+125,Cancello/Catena con lucchetto/Altro,45.6086884200000,11.8501949400000,,,,,,./0.png
11.85456458,45.60682233,VE,(PD),55_BASSANO-PADOVA,VILLA DEL CONTE,21+523,Barriere complete,45.6068223300000,11.8545645800000,Via rettilineo,,,,,./0.png
11.86732262,45.60136858,VE,(PD),55_BASSANO-PADOVA,VILLA DEL CONTE,22+685,Barriere complete,45.6013685799999,11.8673226199999,Via Vittorio veneto,,,,,./0.png
10.8354468,45.32642737,VR,(VR),48_VERONA - MODENA,VILLAFRANCA DI VERONA,80+572,Barriere complete,45.3264273699999,10.8354468000000,Via Duca degli Abruzzi,ACC_2018,PD,Villafranca-Mozzecane,,./1.png
10.83976216,45.33516092,VR,(VR),48_VERONA - MODENA,VILLAFRANCA DI VERONA,81+600,Barriere complete,45.3351609200000,10.8397621599999,Via Valene,ACC_2018,USCITO_ACC_2018,,,./1.png
10.84286216,45.3414406,VR,(VR),48_VERONA - MODENA,VILLAFRANCA DI VERONA,82+338,Barriere complete,45.3414405999999,10.8428621599999,Via Grezzano,,,,,./0.png
10.84596828,45.34661662,VR,(VR),48_VERONA - MODENA,VILLAFRANCA DI VERONA,82+965,Barriere complete,45.3466166199999,10.8459682799999,Via Trieste,ACC_2018,USCITO_ACC_2018,,,./1.png
10.85024459,45.35108292,VR,(VR),48_VERONA - MODENA,VILLAFRANCA DI VERONA,83+564,Barriere complete,45.3510829200000,10.8502445900000,Via Molini,,,,,./0.png
10.85235544,45.35316252,VR,(VR),48_VERONA - MODENA,VILLAFRANCA DI VERONA,83+841,Barriere complete,45.3531625199999,10.8523554400000,Via sant'Eurosia,,,,,./0.png
10.91508272,45.39256009,VR,(VR),48_VERONA - MODENA,VILLAFRANCA DI VERONA,90+418,Barriere complete,45.3925600900000,10.9150827199999,via stazione,,,,,./0.png
11.67037703,45.03884315,VR,(RO),48_ISOLA DELLA SCALA-ROVIGO,VILLAMARZANA,90+997,Barriere complete,45.0388431499999,11.6703770299999,Via XXV Aprile,,,,,./0.png
12.3028,45.9702,VE,(TV),54_CONEGLIANO- PONTE NELLE ALPI,VITTORIO VENETO,11+243,Barriere complete,45.9701999999999,12.3028000000000,Via Martel,,,,,./0.png
12.30126,45.9734,VE,(TV),54_CONEGLIANO- PONTE NELLE ALPI,VITTORIO VENETO,11+614,Barriere complete,45.9733999999999,12.3012599999999,Via del lavoro,,,,,./0.png
12.29842343,45.97722524,VE,(TV),54_CONEGLIANO- PONTE NELLE ALPI,VITTORIO VENETO,12+099,Barriere complete,45.9772252400000,12.2984234300000,Via Ugo Foscolo,,,,,./0.png
12.29572221,45.9850845,VE,(TV),54_CONEGLIANO- PONTE NELLE ALPI,VITTORIO VENETO,13+032,Barriere complete,45.9850844999999,12.2957222099999,via del castello di S. Martino,,,,,./0.png
12.29546144,45.98571457,VE,(TV),54_CONEGLIANO- PONTE NELLE ALPI,VITTORIO VENETO,13+11,Barriere complete,45.9857145699999,12.2954614400000,via delle fonti,,,,,./0.png
12.28955745,45.99475876,VE,(TV),54_CONEGLIANO- PONTE NELLE ALPI,VITTORIO VENETO,14+233,Barriere complete,45.9947587600000,12.2895574500000,via N. Tommaseo,,,,,./0.png
12.31338768,45.94717471,VE,(TV),54_CONEGLIANO- PONTE NELLE ALPI,VITTORIO VENETO,8+55,Barriere complete,45.9471747099999,12.3133876800000,via cal Larga,,,,,./0.png
12.30835388,45.95830583,VE,(TV),54_CONEGLIANO- PONTE NELLE ALPI,VITTORIO VENETO,9+849,Barriere complete,45.9583058300000,12.3083538800000,Via cal de Livera,,,,,./0.png
11.410215010006,45.229784449474,VE,(PD),48_CODOGNO-MANTOVA-MONSELICE,MONTAGNANA,145+280,barriere,45.2297841600000,11.4102181800000,laterale monastero,ACC_2018,CHIUSO,Montagnana,,./3.png
11.8959690640807,45.5899685552083,VE,PD,55_BASSANO-PADOVA,SANTA GIUSTINA IN COLLE,25+225,Barriere complete,45.5899685600000,11.8959690700000,via Albere,ACC_2018,CHIUSO,,,./3.png
12.985323981512,45.772936265344,VE,(VE),52_VENEZIA MESTRE-TRIESTE,SAN MICHELE AL TAGLIAMENTO,71+583,Barriere complete,45.7729089600000,12.9853232500000,via Macello,,,,,./0.png
11.8263066334789,45.3750503347133,VE,(PD),58_BOLOGNA-PADOVA,PADOVA,115+733,Bariere complete,45.3750503400000,11.8263066400000,Ca Rasi,SFMR,CHIUSO,58_BOLOGNA_PADOVA\PL\Padova_km_115+733 CaRasi-115+110_Chioggia,,./3.png
11.8222202502314,45.3701229473556,VE,(PD),58_BOLOGNA-PADOVA,PADOVA,115+110,Barriere complete,45.3701229500000,11.8222202600000,via Chioggia,SFMR,CHIUSO,58_BOLOGNA_PADOVA\PL\Padova_km_115+733 CaRasi-115+110_Chioggia,,./3.png
12.0809411040543,45.6748542658519,VE,(TV),55_VICENZA-TREVISO,ISTRANA,47+016,,,,Via dei Fiori,SFMR,CHIUSO,55_VICENZA-TREVISO\PL\1.23_Istrana_km_47+016,,./3.png
12.097844486877,45.6765817026823,VE,(TV),55_VICENZA-TREVISO,ISTRANA,48+343,,,,Via Filzi,SFMR,CHIUSO,55_VICENZA-TREVISO\PL\1.24_Istrana_km_48+343,,./3.png
12.1397332612945,45.5209241531709,VE,(VE),56_MESTRE-TRENTO,MARTELLAGO,8+599,,,,Via Cavino,SFMR_LOTTO_B,CHIUSO,56_MESTRE-TRENTO\PL\6.12_km_8+599 via Cavino,,./3.png
12.1633775565847,45.6689586016824,VE,TV,55_VICENZA-TREVISO,PAESE,53+535,Barriere complete,45.6689586000000,12.1633775600000,via Verdi,SFMR,CHIUSO,55_VICENZA-TREVISO\PL\1.31_Paese_km_53+535\PD,,./3.png
12.2228190191007,45.4920536074441,VE,(VE),57_VENEZIA MESTRE-UDINE,VENEZIA,1+445,,,,GazzeraAlta,ACC_2017,CHIUSO,,,./3.png
11.7469782175198,45.2448535088234,VE,(PD),58_BOLOGNA-PADOVA,MONSELICE,99+959,,,,Via Trento Trieste,ACC_2017,CHIUSO,,,./3.png
11.8786793145412,45.6875125034114,VE,(VE),56_MESTRE-TRENTO,CASTELLO DI GODEGO,37+262,,,,Via scalo merci,ACC_2017,CHIUSO,,,./3.png
11.8220679038119,45.7181634580668,VE,(TV),56_MESTRE-TRENTO,LORIA,42+834,Barriere complete,45.7181634600000,11.8220679100000,via Marangona,ACC_2017,DPP,56_MESTRE-TRENTO\PL\2.08_Loria-Rossano_42+834-42+790-Marangona-Bodi,,./2.png
12.0437224150344,45.5759780874021,VE,(VE),56_MESTRE-TRENTO,TREBASELEGHE,18+298,,,,via Bordugo,SFMR_LOTTO_B,CHIUSO,,,./3.png
10.8759330916089,45.3676481664227,VR,(VE),48_VERONA - MODENA,VILLAFRANCA DI VERONA,86+294,,45.3676586000000,10.8759493600000,via Fornaci,ACC_2018,CHIUSO,,,./3.png
0,0,VR,(VR),48_VERONA-MODENA,VILLAFRANCA DI VERONA,86+294,Barriere complete,45.3676308000000,10.8758880999999,Via Fornaci,ACC_2018,CHIUSO,,,./3.png
11.4174689551447,45.1106944667226,VR,(VR),48_ISOLA DELLA SCALA-ROVIGO,CASTAGNARO,66+734,Barriere com,45.1106902500000,11.4174797100000,Ada Negri,,CHIUSO,,,./3.png
11.9188929625462,45.6496038346758,VE,(TV),54_PADOVA-CALALZO,CASTELFRANCO VENETO,9+137,,,,C Rossa,SFMR_LOTTO_A,CHIUSO,54_PADOVA-CALALZO\PL\4.29_via_CaRossa_km_8+285-9+137,,./3.png
11.9179010235482,45.654862764638,VE,(TV),54_PADOVA-CALALZO,CASTELFRANCO VENETO,9+725,,,,via Fornace,SFMR_LOTTO_A,CHIUSO,54_PADOVA-CALALZO\PL\4.29_via_CaRossa_km_8+285-9+137,,./3.png
11.9173762604213,45.6629827083716,VE,(TV),54_PADOVA-CALALZO,CASTELFRANCO VENETO,10+645,,,,via Viscon,SFMR_LOTTO_A,CHIUSO,54_PADOVA-CALALZO\PL\4.31_via_Viscon_km_9+725 - 10+645,,./3.png
11.9237643473599,45.6246683039034,VE,(TV),54_PADOVA-CALALZO,CASTELFRANCO VENETO,6+356,,,,via Favaretti,SFMR_LOTTO_A,CHIUSO,54_PADOVA-CALALZO\PL\4.26_viaFavaretti_km_6+356,,./3.png
11.9274659948088,45.6124396951004,VE,(PD),54_PADOVA-CALALZO,LOREGGIA,4+955,,,,Via Mte Grappa,SFMR_LOTTO_A,CHIUSO,54_PADOVA-CALALZO\PL\4.25_via_Mte.Grappa_km_4+955,,./3.png
11.9343956976565,45.5892207550319,VE,(PD),54_PADOVA-CALALZO,LOREGGIA,2+314,,,,,SFMR_LOTTO_A,CHIUSO,54_PADOVA-CALALZO\PL\4.23_via_Morosini_km_2+925-1+986-2+314,,./3.png
11.9345527123057,45.5862376466437,VE,(PD),54_PADOVA-CALALZO,LOREGGIA,1+986,,,,,SFMR_LOTTO_A,CHIUSO,54_PADOVA-CALALZO\PL\4.23_via_Morosini_km_2+925-1+986-2+314,,./3.png
11.9303447926115,45.5736681184226,VE,(PD),54_PADOVA-CALALZO,CAMPOSAMPIERO,0+546,,,,via S. Antonio,SFMR_LOTTO_A,CHIUSO,54_PADOVA-CALALZO\PL\4.20_via_s.Antonio_km_0+546,,./3.png
11.9225746596992,45.5549732699665,VE,(PD),54_PADOVA-CALALZO,SANTA GIUSTINA IN COLLE,30+732,,,,via S. Francesco,SFMR_LOTTO_A,CHIUSO,54_PADOVA-CALALZO\PL\4.17_via_s.Francesco_km_30+732-31+265,,./3.png
11.9130483345157,45.5328400833005,VE,(PD),54_PADOVA-CALALZO,SAN GIORGIO DELLE PERTICHE,33+300,,,,via Anconetta,SFMR_LOTTO_A,CHIUSO,54_PADOVA-CALALZO\PL\4.14_via_Anconetta_km_33+300,,./3.png
11.909555891169,45.5251156315004,VE,(PD),54_PADOVA-CALALZO,SAN GIORGIO DELLE PERTICHE,34+201,,,,,SFMR_LOTTO_A,CHIUSO,54_PADOVA-CALALZO\PL\4.12_via_BoscoIII_km_34+450-34+201,,./3.png
11.9085567542686,45.5229271912573,VE,(PD),54_PADOVA-CALALZO,CAMPODARSEGO,34+450,,,,via Bosco III,SFMR_LOTTO_A,CHIUSO,54_PADOVA-CALALZO\PL\4.12_via_BoscoIII_km_34+450-34+201,,./3.png
11.9055319909171,45.5161590625049,VE,(PD),54_PADOVA-CALALZO,CAMPODARSEGO,35+239,,,,,SFMR_LOTTO_A,CHIUSO,54_PADOVA-CALALZO\PL\4.10_via_Rossignolo_km_35+891,,./3.png
11.9030737152934,45.5105546735306,VE,(PD),54_PADOVA-CALALZO,CAMPODARSEGO,35+891,,,,via Rossignolo,SFMR_LOTTO_A,CHIUSO,54_PADOVA-CALALZO\PL\4.10_via_Rossignolo_km_35+891,,./3.png
11.8987671240887,45.4980890861977,VE,(PD),54_PADOVA-CALALZO,CAMPODARSEGO,37+319,,,,via Marcello,SFMR_LOTTO_A,CHIUSO,54_PADOVA-CALALZO\PL\4.07_via_Marcello_km_37+319,,./3.png
11.8897037449867,45.4470275710513,VE,(PD),54_PADOVA-CALALZO,PADOVA,43+048,,,,,SFMR_LOTTO_A,CHIUSO,54_PADOVA-CALALZO\PL\4.03_via verrocchio_km43+631 e 43+048,,./3.png
11.8865722682738,45.4422854071083,VE,(PD),54_PADOVA-CALALZO,PADOVA,43+631,,,,via Rienza,SFMR_LOTTO_A,CHIUSO,54_PADOVA-CALALZO\PL\4.03_via verrocchio_km43+631 e 43+048,,./3.png
11.9202803199117,45.6419958970751,VE,(TV),54_PADOVA-CALALZO,CASTELFRANCO VENETO,8+285,,,,,SFMR_LOTTO_A,CHIUSO,54_PADOVA-CALALZO\PL\4.29_via_CaRossa_km_8+285-9+137,,./3.png
11.9327896034168,45.5945393635318,VE,(PD),54_PADOVA-CALALZO,LOREGGIA,2+925,,,,,SFMR_LOTTO_A,CHIUSO,54_PADOVA-CALALZO\PL\4.23_via_Morosini_km_2+925-1+986-2+314,,./3.png
11.9206564707901,45.5503701886696,VE,(PD),54_PADOVA-CALALZO,SAN GIORGIO DELLE PERTICHE,31+265,,,,via Fasolati,SFMR_LOTTO_A,CHIUSO,54_PADOVA-CALALZO\PL\4.17_via_s.Francesco_km_30+732-31+265,,./3.png
12.1298455174627,45.5262770070128,VE,(VE),56_MESTRE-TRENTO,SALZANO,9+562,,,,,SFMR_LOTTO_B,CHIUSO,56_MESTRE-TRENTO\PL\6.13_Salzano_km_9+952_via Villetta,,./3.png
12.1111723784441,45.5355593358891,VE,(VE),56_MESTRE-TRENTO,SALZANO,11+347,,,,MONTEGRAPPA,SFMR_LOTTO_B,CHIUSO,56_MESTRE-TRENTO\PL\6.13_Salzano_km_9+952_via Villetta,,./3.png
12.1022728296302,45.5400408390106,VE,(VE),56_MESTRE-TRENTO,SALZANO,12+200,,,,,SFMR_LOTTO_B,CHIUSO,56_MESTRE-TRENTO\PL\6.17_Salzano_km_12+200_via Toscanigo,,./3.png
12.0389347822653,45.5797482685602,VE,(PD),56_MESTRE-TRENTO,TREBASELEGHE,18+858,,,,via San Dono,SFMR_LOTTO_B,CHIUSO,56_MESTRE-TRENTO\PL\6.26_Trebaseleghe_km_18+858_SP44,,./3.png
12.0367315414802,45.581486287829,VE,(PD),56_MESTRE-TRENTO,TREBASELEGHE,19+120,,,,,SFMR_LOTTO_B,CHIUSO,,,./3.png
12.0224053073578,45.5926603806777,VE,(PD),56_MESTRE-TRENTO,TREBASELEGHE,20+788,,,,RONCHI,SFMR_LOTTO_B,CHIUSO,56_MESTRE-TRENTO\PL\6.27_Trebaseleghe_km_20+788_via ronchi,,./3.png
11.9979921498444,45.6110948549136,VE,(PD),56_MESTRE-TRENTO,PIOMBINO DESE,23+538,,,,via della Vittoria,SFMR_LOTTO_B,CHIUSO,56_MESTRE-TRENTO\PL\6.31_PiombinoDese_km_23+538_via Vittoria,,./3.png
11.991026071145,45.6147632784857,VE,(PD),56_MESTRE-TRENTO,PIOMBINO DESE,24+261,,,,DESE,SFMR_LOTTO_B,CHIUSO,56_MESTRE-TRENTO\PL\6.32_PiombinoDese_km_24+261_via Dese,,./3.png
11.9566138576979,45.6414074901417,VE,(TV),56_MESTRE-TRENTO,RESANA,28+294,,,,BRIGOLA,SFMR_LOTTO_B,CHIUSO,56_MESTRE-TRENTO\PL\6.35_Resana_28+294_via_Brigola,,./3.png
11.9434186235966,45.6668886014605,VE,(TV),56_MESTRE-TRENTO,CASTELFRANCO VENETO,31+397,,,,FORCHE,SFMR_LOTTO_B,CHIUSO,56_MESTRE-TRENTO\PL\6.37_Castelfranco_31+397_via Forche,,./3.png
12.7117290969959,45.7325994551589,VE,(VE),52_VENEZIA MESTRE-TRIESTE,ANNONE VENETO,48+541,,,,,ACC_2017,CHIUSO,,,./3.png
11.1899020227886,45.2186317804212,VE,(VR),48_ISOLA DELLA SCALA-ROVIGO,CEREA,43+494,,,,,ACC_2017,CHIUSO,,,./3.png
11.7636857829155,45.0635672930203,VE,(RO),48_ISOLA DELLA SCALA-ROVIGO,ROVIGO,98+839,,,,,ACC_2017,CHIUSO,,,./3.png
11.9130795732797,45.5833543864219,VE,(PD),55_BASSANO-PADOVA,SANTA GIUSTINA IN COLLE,26+780,,,,,ACC_2017,CHIUSO,,,./3.png
12.1704341178896,45.5037342078394,VE,(VE),56_MESTRE-TRENTO,SPINEA,5+529,,,,Via Frassinelli,SFMR_LOTTO_C,CHIUSO,,,./3.png
12.1503919676302,45.4335399919572,IV,(VE),59IV_ADRIA-MESTRE,MIRA,18+242,,,,VIA DI VITTORIO,,CHIUSO,,,./3.png
12.2260336784876,45.4838294220348,VE,(VE),,VENEZIA,0+468,,,,via Giustizia,"1999",CHIUSO,,,./3.png
11.8035028020984,45.7282015246494,VE,(VI),56_MESTRE-TRENTO,CASSOLA,44+649,,,,via Balbi/Baroni,ACC_2017,CHIUSO,,,./3.png
11.7469028289169,45.059122826759,VE,(RO),48_ISOLA DELLA SCALA-ROVIGO,ROVIGO,97+429,,,,,ACC_2017,CHIUSO,,,./3.png
12.1924248305739,45.6663615377097,VE,TV,55_VICENZA-TREVISO,TREVISO,55+806,,,,,SFMR,CHIUSO,55_VICENZA-TREVISO\PL\1.32a_Treviso_km_55+806,,./3.png
12.5141559501981,45.6270498713281,VE,VE,52_VENEZIA MESTRE-TRIESTE,MUSILE DI PIAVE,28+901,,,,via Croce,SFMR,CHIUSO,52_VENEZIA MESTRE-TRIESTE\PL\3.05a_Musile_28+901-27+664,,./3.png
12.4985389066811,45.6238637681194,VE,VE,52_VENEZIA MESTRE-TRIESTE,MUSILE DI PIAVE,27+664,,,,VIA ROMA,SFMR,CHIUSO,52_VENEZIA MESTRE-TRIESTE\PL\3.05a_Musile_28+901-27+664,,./3.png
12.1778261804371,45.4594324346122,IV,(VE),ADRIA-MESTRE,MIRA,21+997,,45.4594324400000,12.1778261900000,Via Lussore,,,,,./0.png
12.061317016151,45.0612098003322,IV,(RO),59IV_ADRIA-MESTRE,Adria,28+662,,,,via Zaccagnini,,,,,./0.png
12.8073653474094,45.7713711563362,VE,(VE),52_VENEZIA MESTRE-TRIESTE,PORTOGRUARO,57+138,,,,via Noiare,DGR 1655/2011,CHIUSO,,,./3.png
12.7569085765094,45.774131253633,VE,(VE),57_TREVISO-PORTOGRUARO,PORTOGRUARO,49+565,,,,via Olivio Bravin,DGR 3124/2002,CHIUSO,,,./3.png
12.7976636542555,45.773746789057,VE,(VE),57_TREVISO-PORTOGRUARO,PORTOGRUARO,49+598,,,,via S. Elisabetta di S.,DGR 3124/2002,CHIUSO,,,./3.png
12.8453255241987,45.7844593307569,VE,(VE),52_VENEZIA MESTRE-TRIESTE,PORTOGRUARO,60+473,,,,via Ronchi,DGR 3124/2002,CHIUSO,,,./3.png
12.8531608121669,45.783646096814,VE,(VE),52_VENEZIA MESTRE-TRIESTE,PORTOGRUARO,61+090,,,,via Villastorta,DGR 3124/2002,CHIUSO,,,./3.png
11.8700885314022,45.6575031766189,,,55_VICENZA-TREVISO,SAN MARTINO DI LUPARI,30+445,,,,vicolo f.lli Bandiera,,CHIUSO,55_VICENZA-TREVISO\PL\San Martino di Lupari  30+445 e 31+137,,./3.png
11.8788074993464,45.6588495715184,,,,SAN MARTINO DI LUPARI,31+137,,,,via V. Emanuele II,,CHIUSO,55_VICENZA-TREVISO\PL\San Martino di Lupari  30+445 e 31+137,,./3.png
10.8830899322521,45.4935203572759,VR,,43_VERONA-BOLZANO,Pescantina,16+602,,,,,,CHIUSO,\\venezia\condivisione\PROGETTI_FERROVIARI\43_BOLZANO-VERONA,,./3.png
10.8751301966096,45.4971508014665,,,43_VERONA-BOLZANO,,17+345,,,,,,CHIUSO,,,./3.png
10.8720518117182,45.4983090529966,,,43_VERONA-BOLZANO,,17+618,,,,,,CHIUSO,,,./3.png
